NAME	O3_4363A	O3_4363A_e	O2_3726A	O2_3726A_e	O2_3729A	O2_3729A_e	O3_5007A	O3_5007A_e	H1r_6563A	H1r_6563A_e	H1r_4861A	H1r_4861A_e	
39628072189695697	50.89959975793661	7.226066802538932	264.0395590909912	17.76001628449667	320.606940137804	20.37817577963782	3005.477152735842	134.9816263012744	1530.99819742255	38.14819364002991	502.7069807397993	13.89919264864822	
39628206772327180	91.28791882384044	8.911582814369245	871.4585568250258	93.35650820108289	1208.608993473529	121.3767348789152	7146.435246599464	490.8476710870814	3785.426503588501	170.1909238642069	1226.977891477326	64.53354492413722	
39628297910357727	26.36080421416261	5.169543601589953	125.733221136771	13.10005736696554	187.7485616447712	16.5410907656147	1455.470076474749	46.30819739113334	935.0808276891931	21.21763646692578	294.8466835677772	7.245858972310372	
39628309243366322	315.9109183311461	11.23429039966497	766.7089370603431	86.2261386088002	921.1988514578156	115.5201670981245	15188.69573812271	1154.764291342316	6458.755094615186	255.0741558278114	2216.658639264364	80.76080329777595	
39628325907335510	36.5857919941623	3.666297041944355	498.5552170143925	25.6174892071513	695.029099861849	33.69439031338872	1935.534886617954	65.97133401891783	2205.786419149685	63.09110405750584	527.1459395186586	14.58068159556524	
39628370228549309	107.3766272714785	7.33122885963612	1109.505441835388	97.61484120306635	1418.308216060004	139.9940464579057	10205.77029589202	980.6403415814026	5198.805930225441	324.2380571173126	1743.193702141975	102.7985440738737	
39628364897588483	36.75987296540285	6.167993017164789	545.4713442617885	24.1644698003323	676.9695267701275	34.86108473345342	3025.309468684854	130.0438606354955	1920.876954370371	51.5884760965692	612.7783486576392	22.93221678358526	
39628403002841832	23.69691894181786	3.694386049865782	579.2046810548811	62.17784541679221	859.2020491146277	89.8081559895156	3326.075014168832	113.6725803715415	2477.164065610687	70.40882633823912	764.5567468290445	32.67827357209843	
39628408598037585	65.2999091562614	5.439727417449343	161.9792988976822	18.26861735834947	202.8706248676611	18.72046366271829	2795.042128063822	129.3528131604971	1330.069122664069	27.090200817626	431.3794145708737	13.76848317710732	
39628424762888224	23.27466220536614	4.465861919291874	171.1972888311985	19.33548850852316	278.1030286337193	26.43160340613882	1179.881138892155	60.5050163072688	686.1177747719537	17.08508705074303	237.153883431023	4.599234009313307	
39628472473096966	40.90460809305154	3.757533291966712	230.9791530498777	20.77492906412647	283.2383017377786	24.78758843695592	2282.804911677118	58.24379272693938	1168.615808006241	16.4687069450412	365.373725624689	7.79392898825756	
39628529658234298	48.35574739989175	5.901778430187679	150.2348564207613	15.47989017564574	196.4470229348214	18.34696938481565	2619.904153605173	123.9588137980172	1173.605200399971	27.70196677431372	414.2666527324125	10.75793961519526	
39633059447838286	133.8922294263666	9.86531590254279	199.9149698253367	26.56847636224483	229.8960831704138	26.81076911857633	4722.416779020833	205.2570662714868	2564.674893152105	73.0132703953151	845.6115320015667	36.49912483467977	
39633196811291388	19.96529188397346	3.438265843438419	229.7765750405686	17.65616522239954	313.0486641497803	24.47690740199221	2091.183974564953	165.8045657918754	1021.710103969055	44.54630497418093	350.4702761353252	19.79342755068541	
39633200925904049	23.18190726855009	3.796990222552445	279.8368087959419	24.4835676339655	497.0846384229618	38.91614672282114	2372.110241723364	143.1827411446664	1682.118539598203	64.82161342406786	453.8719732167636	16.80639759296597	
39633217371769585	30.81622334250459	6.156220444801369	502.1269305072963	32.40639022641242	729.2761026204367	48.22124095268358	1959.111809546242	59.72615246747955	1461.586730231442	38.22759098782794	490.3716823720041	17.18579914918494	
39633221322804356	40.3165639488862	6.83689725453307	946.0057701083479	60.66339286893498	1274.281484470891	79.46884027567833	5509.03364279066	279.2427837869054	3961.373064870229	134.1021020368153	1267.920961368742	38.16705041814502	
39633225366111632	31.96198594440579	4.313008927219551	360.3060670053332	24.14140847564212	490.2129197332434	32.58548114914529	1910.526570681844	87.58558613556357	1051.435300299412	26.19991511049077	353.6387375060165	12.75204384815197	
39633237294715130	58.01330782299189	6.075959032413007	222.041370794378	15.14942569315121	292.0185626242459	19.25271732094495	2816.158704325492	115.9750402205437	1547.795396086834	33.36338150608007	481.9728443485525	14.25772907047697	
39633237319881605	97.5889218705492	6.27082814076266	494.4976639361516	40.959365217949	651.4160107774867	56.47684008004256	5758.447241430585	390.2602037458116	2751.789360751548	110.1853307298538	911.7724547624705	41.84197000386951	
39633237391185109	98.61190751564692	8.48807656925744	422.2332039469651	54.52484980121996	559.3341228201004	78.20979737614854	4503.02220298702	229.9462866463827	2752.507501649972	75.29133689270367	896.5557428827692	23.90681322094322	
39633275878117320	26.94020364899338	1.387132399849504	114.5059986758763	6.506976893687102	134.9459704469959	6.91141001595274	1597.435340147349	50.13101012659354	847.8041717053773	17.23931367370947	241.2698798218132	11.47075819180385	
39633279619432590	23.50401399331828	1.017673200386723	66.87513411590513	6.042651180780755	84.63231456104438	6.685780656293669	1026.772913254137	28.26544532708457	431.0736528300575	7.998137107448187	155.5334019572414	2.195345786833562	
39633283285259410	68.76591121723985	7.981138236324982	233.6474145987029	18.63834266370181	301.5541668534173	24.53917690112023	3665.779348842138	168.9753371343725	1751.627047674463	44.95520919432656	601.6807150517243	23.62099306701613	
39633414218843994	27.69305132390984	4.425368725523099	259.0831959031289	19.51325301856168	316.9301991100232	24.53901049000383	2304.378991793838	126.9218034909996	1222.61201809798	41.61503723193774	377.2040122609907	12.82928511350471	
39633446477235211	45.11792441946932	8.158654555158954	369.4830160027705	34.39939207824359	720.2119790068783	55.25857759320175	3451.814909479621	166.6975350115333	2012.839979686021	57.2810298437829	659.114590230959	23.28759905209794	
39633451392960261	23.40314064263348	3.965966328833441	280.7575360958556	19.75572653779457	351.8024296009526	24.87330395161479	1721.102227146494	73.34954234031288	1074.276945834527	33.48942684429314	322.7263004015757	11.28502571955975	
39633470615453779	76.98446595756077	6.751858482334373	348.0200873650115	30.29530902158057	503.4718428757768	42.415754081336	3692.939177669646	222.4105741844266	1962.021119716409	58.40323389609163	631.8780477308259	26.07839586620977	
39633470649010643	32.2873110327976	6.360219227001304	416.0104073765143	35.89740290147588	542.3801037149709	38.08218554771348	1622.587263981991	82.48843471155999	1238.61788406095	33.25967271713213	462.4513442487069	13.39836928889998	
39633496385259595	22.36635450636282	4.142040237224947	116.7086925211671	13.33579692808113	153.2924264951477	14.0457194276207	1167.536300398353	40.74177791610554	586.4235344750979	14.3790030259714	212.0349156798293	6.399575920572187	
39627490846573810	33.27657700664733	6.390227870104053	123.6487708225126	10.06864263195697	172.9036507631619	12.37645708328693	1911.781248903994	88.30279784059479	876.0670308713107	21.66954912614581	305.599465447692	8.606812772582396	
39627520357700745	25.07490003121682	3.420975795060974	281.0265049751705	18.75850415112057	330.770756996188	21.66508110460109	1990.082348109367	102.5309699888869	1060.766034830057	34.72273716647746	358.1599007266109	11.20650652004996	
39627633884922128	42.25823801875364	5.243946372990007	156.0132251825397	14.12356443682914	219.5529108200706	14.73546068201742	1868.759177405866	63.04440721445871	1007.253324717445	18.00561021198942	347.3884141668804	7.784266293774083	
39627682060699059	48.4152575089109	7.844535128885552	841.1615427035523	95.69990783161663	790.4716753444426	110.9132046566597	3894.482188278042	130.778985750372	2681.156419536401	61.02165672107515	754.0091287545578	26.04001143383861	
39627634438579712	52.59400536407729	4.201854033238664	227.5125935414703	15.58436440761699	317.6783448926834	17.46677200879846	2089.093964337867	66.61152093517893	1319.579988337654	31.22712104552377	419.9914712107109	10.83129157390857	
39627688494764473	35.94255034827064	4.174653152463025	236.142462395073	17.66468839780644	314.0593830896809	23.79096755645299	2127.512095624066	115.2085020636086	1145.729082241315	24.95504774322202	374.0981031522396	13.5954775567027	
39627706547045668	50.671756560075	5.602439753148828	321.2487535079052	30.80772018877088	428.3148206741663	36.25943644268317	3536.923492723824	153.1723513596494	1515.104219918509	37.67053323259398	535.7541034248637	24.34189467374796	
39627730743986891	27.53149660486957	4.00642359451738	257.6392269907023	17.1894234544918	295.6947964613079	17.36908544315093	1818.18241425669	91.9132717213381	1161.100899988025	34.57092492801247	361.1525398013716	15.44813487659413	
39627718853136594	51.29458950942769	5.553279750447174	290.5435089694932	29.8369179553597	354.7263814058095	35.23586565004737	2861.701147406751	133.0335787078771	1451.98630625195	43.15976333693889	484.0264012642123	19.88059526412378	
39627730836265441	41.12571740314976	5.736610702715557	878.5250046485959	44.77940686874572	1123.439336801334	54.25320611069371	3377.373482514872	215.5732280530087	2464.972651922284	96.03599647137031	826.0453320614382	31.91432427931239	
39627749035351977	26.23014496918762	3.993989786010593	985.440687310614	83.50017322031188	1185.021172526228	121.7255453116061	4992.699432537569	269.8511351886231	4287.067565670404	129.2210000222007	1207.515099161824	60.09653973014147	
39627755238725057	42.08045903315207	2.956319749978898	310.7415181298393	13.88182631915642	364.7434684821383	18.82312712423201	2611.741297758882	137.0772275539211	1500.032499445036	48.50909596204	489.7488829022386	19.94340147623875	
39627773160983851	58.27935057833024	8.140249537280056	383.9306123064093	49.34097716181164	380.2926078493388	55.19979101244982	2531.503030814898	133.4516188539565	1405.418493174737	55.14470535958699	467.8179513506358	44.48838235471109	
39627797492146845	33.4285693583814	2.481440707383961	222.5536871851146	17.99810114461161	301.9244320285454	22.67979600796385	2232.130803447095	93.82610575989713	1133.151979136857	30.18504925295877	399.4745661189586	10.84127808932972	
39627815485706870	49.02985732675263	6.731681026522603	239.2751551902277	26.57363252606113	279.9950160612557	32.69462733056731	2336.680541003782	143.5188177710966	1157.320781385089	33.73444001924214	390.2327853545538	14.07313381422816	
39627827485612702	29.35694509694382	4.951597510883219	491.5249606677747	32.18222563146997	641.674731377943	42.49973616654533	2895.003250413787	144.9160055028296	1721.577221275267	59.57806816942602	619.9090208479291	16.60573429797692	
39627827661769567	62.41581342092419	8.916562215137061	741.1911816230344	79.76442368499616	1125.719650568762	132.9466928144427	5238.603279147119	286.6482801189296	3088.107822191472	100.6499242229265	958.7272077322417	24.70658962034396	
39627839636508135	75.71147214031403	8.080239657191543	406.7895093248945	32.70196152339724	577.219482981885	40.85141855230881	3431.063081899748	144.3439448942901	2056.413009515108	88.83300377637072	716.051831830431	38.27946209058992	
39627845642753157	16.05262489031134	3.091939761981011	228.2636669767444	17.22045908018807	323.2971131087662	21.32607366574942	1482.591975665172	68.14568926388269	924.6083945156242	31.17884262992944	292.2826303553562	14.08102142063007	
39627857739124014	157.0350245644555	6.760667441157512	1208.01722460747	119.5728843720223	1378.392773880539	143.8575872783324	13331.33091906388	946.8501885092671	6869.620176929609	241.2179227524482	2159.244692136539	68.25247925414287	
39627863690843678	160.976632667373	9.993698979427704	167.5672381097918	28.37666377275986	238.5376333211652	35.22380851903106	5016.726378539182	268.278114713958	2616.990728022373	57.69143473814562	1005.451040470244	23.91947070262747	
39627887887785706	21.03977841085704	3.728192020668886	243.3817347977486	15.49023010139673	296.2053431623325	18.06776283020021	1434.466343332914	68.14865857769658	839.9170117940654	23.13573940337767	288.0547466325359	10.4311753944333	
39627700377225691	19.44753323728527	3.36215070013733	154.4068877360125	17.64067407537684	208.0153590530608	21.83400604803438	1454.044034927913	82.36495348873932	722.2665861848498	19.60088420963427	238.5722084024159	14.54097197475975	
39627712322601635	65.9304140762156	4.897847992631718	518.2790190612199	31.21681997364437	618.2004586017096	38.374989782688	3433.514147523703	123.6396675343432	1935.51773343529	54.40622520707114	686.6449573648948	18.64684152542086	
39627712473601269	30.70578075836939	3.470938866039404	192.7456963820028	16.68716956961299	236.4107897210288	21.0562699686269	2327.260798338853	98.29378759614058	1033.106315977199	33.43441201910785	327.140824064241	12.69958580004756	
39627742781643156	37.26222919056045	4.419343760368999	167.210380041759	13.23611302194449	186.109732830759	13.77743552679102	1804.412883745746	105.8653957979361	986.6813305803254	31.26068125831619	316.9868349700595	7.266292733612663	
39627754567632824	37.02818698193914	5.27671727381813	447.6944717175588	34.29524516166345	534.6546230658544	44.41787254823283	2839.333580985326	164.7656552901775	1683.817194244894	64.71230794443035	529.7491005561016	19.57872031000512	
39627772678636091	38.84303655330678	3.972445991923238	461.8237628418099	36.33005184677129	530.1377577061063	47.96553443573521	2813.111099490193	163.2453255781097	1657.84114539916	50.2829304840321	529.8191978566048	19.772499135142	
39627790982585523	105.0166713538272	8.547401497021015	329.0657475040437	42.77913183866379	444.6117812714496	57.28566425828034	4417.144078688674	261.7444126214945	2511.234111545979	74.01577553589203	885.1940166740201	32.72785559329671	
39627869495761644	36.23302828112909	5.09247409127738	210.0410218822159	17.27035912851706	279.5928830171824	22.28556244897349	1662.816215233658	64.69341857975299	1064.974699753813	26.03530716712596	314.8577010376432	23.22569024486345	
39627809278139576	57.56565201827762	5.734440666964502	389.999848648405	41.94370012690842	529.8616574901819	54.8723436196176	3240.910084429844	122.5436065273792	1863.389239097106	41.31357136034195	597.6115206294855	21.9689851011739	
39627827405916550	37.03770397562559	4.803110159798843	378.7296378224212	31.91052556311737	494.7212059247749	41.83442985563094	3178.133817787887	184.1773495751542	1678.010948874671	55.26545540117935	553.9081318527087	24.38324351972701	
39627959912368862	26.29921814515184	4.563647393168489	526.7278389186794	53.81867546772209	502.8287688904913	65.85461987045589	2830.239625095068	125.2912732839913	1779.613807457311	47.26778228251337	540.3382584786118	18.11591117421331	
39628025658084374	45.84485555854957	7.172679676067292	346.5116279366774	34.46215071736029	527.6579316687585	47.0288629536714	2677.459180948271	107.2438559698676	1646.680402926767	38.02363177715848	536.740563136146	16.68701693590744	
39628043475488098	38.82152704668432	6.428330302181497	193.6603881195209	14.26039530821994	260.8851156404725	18.77946716577954	1624.832475036801	53.92428792739265	911.5825370235385	25.24003591308368	307.8172452176905	16.60399477304908	
39628043530012035	37.80541440397703	5.979724488893821	311.954645121324	20.03300740284505	462.5158841882184	27.22073517069384	1649.330807350754	93.10388059988028	750.2011342694557	28.25369829125749	248.7167267789669	12.896349476872	
39628114380194418	64.06737933937731	4.615675181869364	117.7241092265896	19.16193881620539	155.3142250415186	23.66011630605752	2153.790600135785	132.5329444152364	1575.757877288572	62.79043023277796	573.4931188620191	29.54193399751932	
39628114489247325	83.0064028583877	5.935643558822634	298.533383184995	21.65230985069424	342.8484037273158	26.77837508052658	2742.775412107245	81.02379775766809	2330.659728117323	78.11338390790007	761.1289400468577	41.24061383642196	
39627472697825679	33.31040114470715	5.152766201090118	266.2443886350977	37.7531237420622	577.0667630984813	56.02335641639353	2562.517930496034	109.4417120195761	1669.043527259093	40.90076657398284	507.2261159879554	20.42584320302872	
39627502204747886	43.08384958854989	6.700733583080434	124.4896650103552	16.85730074033938	197.9470316968124	21.99686614437111	2242.717265024831	116.7854580627014	1162.938798971861	31.99416737139269	357.5967474596341	14.2971691230443	
39627543782889433	31.99327156971438	6.352260705529659	1157.782813037578	72.67249095810664	1440.795316832581	107.6413718532049	5370.970256966266	309.576161514207	3987.072910351319	155.6266776714866	1286.804787960659	66.78922093085588	
39627609562154593	154.0429975871217	15.34583108425455	3173.228776202594	271.8127303806016	3733.121781395482	367.6039178048829	17434.39462447567	1418.597110431689	12601.48723652708	652.6603243666001	3790.228465095211	178.4030876337478	
39627609633459177	50.29842576824208	5.396656379670658	208.8375865702272	17.29394301902226	238.9993218902015	18.49720982212686	2721.676247239242	136.8831110388834	1246.434039518427	32.2725587532324	433.8438579499747	8.914516859014592	
39627657628877456	36.84489484565832	5.735272417719332	165.1367689599253	20.0579971014886	236.2265748519331	26.96331382116094	1318.081923838311	51.17372335898743	1096.545202081007	29.95431744754345	419.4529727633602	11.61815325218447	
39627657716961424	41.09368823031813	3.157113296638828	246.8832754024105	18.79576728015877	326.3381493668811	25.11853587893147	2480.162972854397	128.978553852423	1414.060706597223	45.18475077472479	441.2105830019487	14.46379754785564	
39627693834111449	48.95048793312946	6.910726842439487	499.0877419898262	35.47572691418371	600.8444787268263	49.00507850874426	2917.024260117296	118.9290688979974	1768.046058296426	54.09325784350598	634.9397694902173	27.66789258951688	
39627711919951479	107.7486910034691	8.683603915561841	437.764442014626	39.63113739021698	647.356041556644	57.05814018719245	5970.994757892375	356.8738432448418	2785.690166947905	104.6656809157191	1004.126597561976	49.46029625729218	
39627699911658619	48.92087709785822	7.150072751009213	102.5383840568423	15.40437234293104	111.1887281518896	18.66090055828607	1836.142778931712	49.8014777107014	763.8904121045366	16.38991173520315	287.5368063359522	13.60617449176957	
39627754211119680	27.09890048212379	5.26400338189832	126.1152136182082	12.56556228876944	204.7223998171256	16.72370116372902	985.8480305557076	32.75222199793327	606.27645228592	15.2656045784433	203.7205317609513	10.07987103993181	
39627754429221186	56.81808726402624	7.033340309961403	564.1836440626671	45.36071840259696	749.071540648048	51.09077438822408	3921.528078213048	187.2740938423848	2338.146314437139	61.19562759981851	745.9581990262164	30.78103632173711	
39627766441710858	45.16445545960546	6.139945061530634	790.6929584056468	44.98738292496633	956.439662567624	49.19871070507669	3529.59729816663	136.7391882922106	2243.246069885683	70.32743166019844	832.2121063033009	28.35348324841984	
39627784632409748	126.9386093379233	7.774448421898598	241.1698124451777	24.49932615105019	303.9222506664312	31.24795798478273	4266.727576997168	344.2354870700738	2167.077362660171	95.26162653177389	633.7135317157113	37.02576634882965	
39627820795691483	60.12545740152599	5.613068329297336	294.5316570530155	27.97037792823665	412.6092054566583	37.37922128301813	3944.899254069408	227.8091967052738	1973.400706947857	61.12273410869347	681.3542248447566	20.10479731750162	
39627851036625718	174.0042502804193	7.600003325794468	486.4657320623125	40.52354748075785	683.9125074499412	56.42571107633529	7118.284889120112	455.6045465410422	3361.710894945511	118.5600341555083	1086.265367823874	44.30266618061725	
39627857122559982	35.7180533789416	5.203879964189869	457.6987874402059	24.40112712154772	595.5977988687591	27.78524812614105	2526.286583266824	101.0352747363466	1552.286459716726	40.96204000827893	516.7721412968754	9.24101936898358	
39627862931672825	65.31824501464885	6.522352576063037	388.6208864107203	27.84644821557158	487.7713127838496	34.99093673752508	3595.992027892107	179.5016427544791	1780.192512820972	104.9314793688435	636.041561936714	23.80635595806164	
39627935300192595	43.21132018409489	4.873610143168405	598.6097899990357	34.74219134072859	778.8247948147678	44.14519991173741	3668.966272226965	253.8898885150301	2274.026394763129	124.2572752502347	730.9605682867559	29.04815325570299	
39627977360674853	42.09693457139915	7.240225387494957	1026.79552956853	102.1861729224317	995.2953768677429	123.9127331005356	4801.812588335866	389.8827583583938	3184.959298778924	134.1061261657283	982.1589298302622	51.88372208560742	
39627615388045400	30.37252059913907	3.762172331239918	155.3051923600235	13.83060242091764	205.8797350827903	15.3606134946202	1814.687958791472	78.23457721539975	846.3648334053519	17.16434720472443	274.4613125220005	10.39665734404441	
39627627371170197	37.58835587863755	5.831291640949576	338.1529758517506	17.08204438180969	458.6543395244858	22.07613445188686	2290.697902729484	76.47710740430175	1258.866267968478	27.18943825142604	441.0588246924955	10.22746100275956	
39627657431745166	16.26600664598763	2.674632643979885	105.8450535309278	9.757312439582988	136.028847214429	11.16948861956693	903.4869658224179	39.27639577826749	457.7776584299312	12.82345092787479	136.0252484713799	7.150987048507382	
39627669557478262	35.27573528100633	4.068080897737192	582.7463710679391	35.85141964973832	870.7018213813271	50.19255840498746	3082.945400236736	169.1138301098551	2066.103910595804	76.48261373118743	697.4111424383615	29.61688940260545	
39627711647320318	163.9956630719373	6.438602304392912	303.5653506335574	29.49970892566099	389.1781783348364	35.73259790608136	6128.103402267841	212.0409861969764	3237.877973870952	79.59128015822085	1086.363106744582	53.35579246192385	
39627723735303176	55.82281628382906	5.494794099615398	186.2283767168641	16.2482612156336	259.66467096744	19.17188316461736	2632.525491876695	83.09894127736683	1353.760090678961	36.69715515998281	455.942957866386	10.97477864741774	
39627723764667369	38.31708664797736	5.763773717025282	786.1728540457426	43.08959156291579	984.8744180508853	58.77900528327439	4426.530802442312	207.0846773953283	2748.093768598738	65.73644681843167	876.1290644381477	23.44107039142538	
39627735936535065	95.0588140647299	6.27770281144497	683.62707675288	56.48150472007165	780.7120502721708	67.85683855124286	6833.294632487583	605.2542353557981	3113.96711075719	156.3705745147221	1053.943307226749	65.08396129555844	
39627753942686579	41.67718379744261	4.979462558707486	155.821474383673	15.47771106058057	242.6878568232527	20.42169343883311	1996.205094767706	57.15134433083757	1077.044640168378	20.43023306960385	344.4263943886706	11.05928338670894	
39627796061886582	50.75137392225063	6.382218319574206	459.4019982528915	50.44712103566579	623.427732557638	62.57134512447107	2709.920775503569	75.97064735722775	1776.304558778229	46.84601313469939	591.715967979856	17.3945299412974	
39627802231708755	30.74183039191027	3.915667197644322	242.4098959405331	13.71146866461493	315.9932600954041	19.93350762437545	1575.798262864426	81.11707478938548	978.8019556611914	30.2873828368717	330.701290794151	10.60808868069269	
39627826546086654	47.59382498483426	6.323176411885559	223.4610612366407	24.2509720831872	269.0375171660482	26.56112396984038	2091.367413638841	67.79592693367167	1055.428204626679	25.91966498201646	366.2667474893861	16.11255490382167	
39627838583735815	45.12863216006352	7.273733181592259	208.0700137381411	27.49894211446498	237.3377024412743	27.97318061922194	1575.934197294949	69.1959103398445	997.0838183105068	22.47955410232521	346.0836865867482	11.48621616148323	
39627844585783981	53.70158220500065	7.916072411105804	432.3879532301364	31.36887383326425	545.6229958212743	44.31204200908453	5031.268345563346	321.8229733711151	2765.452573535401	97.50395160450152	830.7815775259255	37.23171146516903	
39627892803503091	117.0588656833111	8.899579365788295	142.4384511102407	47.46878446441074	183.4454258367185	51.41082407052397	2802.412479933063	143.0631715421063	2373.859998039401	56.52695554266722	762.4337368860037	17.19018426712053	
39627910834820689	48.62740813929199	4.18078205138667	481.0291577841195	36.98264796378233	658.8657506593895	49.64252306215685	3573.579342244047	183.2287272928847	1952.780102822346	63.60431376773306	647.6761321998626	25.72758486376516	
39627988953732367	124.3948768773195	5.369695354157127	225.5021171054337	27.92205093180511	262.9643593975023	28.79039010158714	6297.867907651929	356.6933861849064	2813.906017230046	81.38015980412749	794.9723757006249	34.40129264503416	
39627874864465876	159.0061006949075	7.869035742727148	1620.078204820977	104.5011917493927	1872.432073029908	132.9819585718295	11853.48113698127	916.3466420273145	6455.015490130434	326.8123744283646	2355.711462660492	114.4598670813291	
39627886935673457	36.42043968389278	6.345760660420146	202.8976721523266	14.23098082055078	295.2729958577672	18.66312706330935	2308.33790132357	89.62655363946837	1166.157380431613	21.31482140718833	413.6051534994738	10.98732115354561	
39627941142860080	82.72295498409088	6.077853645233218	1054.386636109585	80.24927214490101	1421.012320621849	103.4551732624928	6477.903419766897	291.2171557299705	4273.886558872345	130.3739175302463	1333.733954987061	47.1675678480649	
39627959056729187	65.63021084364104	4.234764992373155	1519.990200696538	105.1672818593669	1830.49226117401	150.1526763355368	6690.587546898767	496.5220233218234	4581.762652542435	256.0120763979601	1482.003959111152	68.0451948354547	
39627971320873108	67.57509722666569	6.367372828522613	377.2206671045691	25.14265725467373	483.8891491365927	35.23385144481845	1845.323121606959	121.8426863183759	1004.125281474918	49.34175161043193	342.8986690859203	18.16595263188	
39628042938618243	15.95001289877623	3.036219777165737	326.6597136311539	17.92582592362537	443.6349513041843	23.14116443994699	1874.037216485434	82.67216839183111	1141.378097256995	30.31815703654989	380.07774175171	8.147406867694832	
39628048789672040	53.9178108513556	4.62639345903727	186.5169108478846	13.68091891250767	227.2157173543553	16.35654468859592	2133.675261619348	100.3567097824544	1099.447697959896	36.29136276931059	367.5460451728399	13.48384747466794	
39628125507686734	196.0300526136996	7.35497521443515	287.3776083087257	43.46658574469084	363.570627945827	51.53184598745729	5464.865789125879	307.6915972718869	3202.036523453749	113.7876348926947	1214.260657808823	49.38731759888299	
39628148937065291	43.2215505289843	4.984575079078795	511.86082218844	43.23614308764317	675.0955286198817	62.33249794519011	3496.258319879856	260.1758159890805	2052.418530081343	100.7808510816484	716.1068082889288	39.55350721826801	
39627881336275553	45.37165513700822	5.796039712301161	398.2871643045517	25.21331270237037	557.2306652358373	31.82036890331614	3378.694123676399	167.8984964563236	1788.323109738729	39.17553869917247	639.3829561961293	13.4162981688139	
39627953478306630	170.0298812754872	10.62325116328379	693.5777682518863	64.10614708945708	841.7574681693068	88.72280441841276	8582.792366809852	610.447015330067	4370.681020309546	201.0563499312154	1420.420753565383	49.64843955269573	
39627959648128098	20.23064405721655	3.514178187832969	275.9050565039423	21.69099524604882	399.7590317261381	30.8725733430974	1966.190746744312	122.8515437381281	1010.406302993961	42.57752741970506	361.052502824198	13.74838364148259	
39627989385744498	71.76380341805218	6.701371697027009	879.6803521257436	62.71430685704399	1012.637183692756	78.13866136000794	6833.68611350799	450.915645639653	4440.499896781701	150.0937170440307	1247.929487112317	48.46203941602625	
39628025150574184	27.81120340203331	4.953188584457825	115.8829633995993	13.28811576408205	177.2123329294458	18.05027568399326	1256.798564669673	30.68996309224197	680.1188514794804	17.84103660703515	251.5914394693558	10.3303336134525	
39628043257381232	23.11323171726208	2.833827051109945	515.0933805950485	31.00079373032756	627.3559596728921	41.79745081566026	2492.302558591806	107.5295285939674	2081.511748394857	65.76883868092727	609.902066492612	21.48752030356874	
39628084688720492	39.39359481512097	4.479824215735218	166.5380050718546	13.17216804561922	256.2812292951455	17.88366401244038	1501.735471450975	70.3641120805738	902.4133849138258	26.63130113021666	305.3527584058487	8.192132668521019	
39628184110500398	130.2544366711278	6.389409191274316	281.5895111354149	26.41789030238485	371.1257287521164	34.61580156835463	4937.419017524237	303.791287843307	2779.09352861534	92.11739686962936	851.7962287611604	36.77931366475283	
39628224690392119	46.13001857458341	5.603650687284279	1072.765228157965	128.576496186944	1101.338253787864	154.2000373945259	4893.427482506988	419.3719538260428	3017.032397641894	130.0350508110629	1026.514769901099	54.72230212810798	
39628326519704411	30.58682634758889	4.472006252699073	192.0175542771843	16.75068467776723	337.3341898092197	25.06157825050477	2097.579853483453	92.66483654494168	1159.078334682885	27.50215360478771	343.1391356596669	11.05989226414585	
39628365367347021	151.7389676307753	7.531234355478076	83.35940137602839	21.76837614338824	105.2711733498673	24.94661738866344	3872.746896145267	153.9385195409743	2371.035682372716	69.58991314087099	751.684532282575	22.40584891973366	
39628392756152670	49.72997984167885	6.801842599466196	414.1854461229217	33.27806391244704	554.0226462852346	44.87085807615652	3385.114605200865	145.8199906946225	2316.989681511101	44.92465190061038	651.3299305162463	19.98858724392855	
39628409030051231	49.08101274084377	8.19866321341309	504.1118920460468	33.63897617891649	626.9273506034682	39.90731825966207	2827.905034351967	154.9886688056274	1756.011998165711	60.55104342708673	628.7189663035631	21.70008432177338	
39628224275154937	75.68213494691744	13.7297060625612	3874.77917700352	319.5093733574197	3469.061240803596	388.1315913192062	13287.22310516344	1048.488361397716	12043.80238554397	611.623666154759	3529.369060498252	158.2478503807839	
39628425035514866	29.02893199615326	4.969056646081178	266.5270504800456	22.29556259973434	365.9309912522373	26.45192437748529	2222.500505723159	76.00356687489882	1189.950229157678	33.30513393583282	408.9869701237307	13.92565682481427	
39628446443242966	56.30471370579788	6.886428599393289	237.1280630185397	24.0725011434765	334.661831234929	28.91783552274869	3308.559657603569	147.677254849393	1612.178632998177	48.8810749478099	528.8104587350606	20.88511824283752	
39628472896717119	32.00617612719493	3.410437130816572	187.1261433914768	14.40450045202242	308.2410396412262	20.79238572910824	1753.417585632332	57.60528835468133	1042.633815522197	20.55415386404587	345.1653335194598	8.910669040566106	
39628498989483423	58.45732385330808	3.269929818194662	236.6791237802523	22.25109262372571	305.6577408150268	28.9229953772146	2362.660963010256	95.73767104995477	1605.635421387198	45.93407895117743	511.7871515210243	15.3864941826451	
39627726507742303	47.94942344076804	5.605189163135319	962.2730184936094	48.59842631461851	1183.28062535032	62.50700475389699	4072.836159045646	183.9847815195145	2727.51343322395	77.3468452038851	938.8243748501845	27.89571397834786	
39627786863777517	91.76425929887007	6.875319495535417	191.9054908235786	25.10927427113529	245.5993245097886	32.5137457221556	4048.293455023842	212.3430080660707	1962.986531903773	59.56783420663351	675.7133536734359	30.33565032921358	
39627811119431842	28.19630032868346	5.337896862861873	525.605867108319	37.094014344443	751.1797131433722	51.81134070480525	2111.365365104342	94.53936384578965	1488.62020001782	42.5941454438501	507.0654931372471	16.15087038642897	
39627823119335751	65.52840957021849	6.639634795333012	120.3527281350098	14.07498197427634	130.5130239643403	15.32905526204865	2270.396299302981	67.5815994142644	1070.750259060961	23.97016033901415	387.0354887592643	16.27016461066439	
39627847324665238	77.5317690401325	7.873938250512291	1159.177495041648	147.1071853704669	1621.771487890334	193.6770735933739	10025.52811164035	710.347855941811	6061.142272836018	262.5343153543265	1802.674968378421	77.94073945847563	
39627985526980999	38.73001214768745	4.377107106753249	346.8332822318931	29.35111616513687	457.6267442099792	35.71547543628822	2567.299463507109	160.9702129984375	1531.327535147908	59.09653937025787	464.9575586708701	26.56407436759253	
39627468260249587	26.6564373420915	4.195658488673676	209.6929953194369	15.28184224856322	283.4346985228598	16.7732918983296	1660.004299681799	78.09468208799763	836.2660993050514	18.8676020144096	298.7664577489227	11.93670000403107	
39627527378962798	36.31121327675064	7.029039263191112	585.0843487509079	31.55848441959189	730.2430592796601	39.40706259431372	3820.312845775489	190.4399936452472	2559.971932089443	90.63428878459217	816.5954599418241	21.76879472094212	
39627593040790155	261.467044011304	10.42200433273326	272.9494620448851	54.90471115876808	367.5386207254974	64.85264215240053	11051.50402281065	553.6956780964781	4856.03258821951	133.5835836079272	1462.20600981296	52.84712953224912	
39627593044987061	26.42475918856252	5.208918494375997	474.448693037757	26.56886097235326	599.6730122483381	30.61465587823051	2715.482619648801	138.6934391744789	1606.535674624197	54.338531754695	544.604669630956	14.54392229074868	
39627629124389645	42.20834425408906	6.027368563584345	258.009636040924	20.39866510718922	339.7408239831219	23.77368832342052	2268.821635272054	84.06144862918265	1260.512182401241	38.04046241046319	408.9995365780485	11.15834775797226	
39627659042363341	50.01126027581449	7.707926164907001	468.8241552146199	36.94451710219958	590.1233544916178	53.75373201946589	3574.276139321844	209.5992642432538	1944.532451526918	57.45937964190693	649.6384901687366	33.96496423584186	
39627659042363409	73.34494536937397	11.41313186034112	1210.177912883654	108.5628280603924	1572.454706267415	156.269125705052	7547.330477892046	652.8103526369454	4052.593048747035	236.3209149267707	1359.151380052704	76.7854580272407	
39627659096884957	33.82107546456138	3.809748069532969	212.4503794007779	16.33279088032354	334.7404705030677	22.00135288490272	1431.078452759673	52.57235433311537	1103.833800669112	29.9023818264501	385.2541307743465	11.25812843808074	
39627665212181316	92.93596832174501	7.159824558796045	678.4566546541271	46.58340030350166	818.2032753817001	56.98446772990032	7569.043332888848	452.0978292950751	3652.583301732444	109.2979748237228	1196.8669854789	42.99330481992391	
39627695235011337	29.73020768264548	4.65957085750548	644.1427999373815	90.42789550497028	851.8804228080879	118.1216379644008	3608.479967613348	257.3133160734469	2557.191660016796	102.075537554662	801.8092092025063	42.75101469242809	
39627725459163528	26.03084091223257	4.004958275454309	252.6725167381568	15.20604614127303	293.1577248050953	16.88550342830528	1533.535350287786	57.59993167256479	834.7732680250858	17.07457551044108	291.5167011002298	8.324373684095656	
39627743578559769	31.62847736253456	4.565562721232118	236.0310466189186	16.34819004710723	369.9822800065054	24.85661683228477	1967.883386632093	77.8731805001818	1028.802576873468	26.31657279811659	339.52705576121	16.4915716825551	
39636521577354982	37.19413776835064	5.166531052337174	595.3892319256997	44.44472312218659	451.8113891293313	47.13986695929562	2718.008444223062	153.585133096455	1907.990481427932	68.34695761191168	548.754980724491	31.40498313428257	
39627731587044502	71.93184995713308	7.945448582014467	273.6299029662077	22.16001812470573	378.3174536155986	27.79472104291431	3095.71615799032	130.2613526895677	1860.641487609654	46.60415804659625	613.678422565562	18.83913062127615	
39627761744090093	72.10089804377169	7.701039412566505	251.1999307675683	27.20351461054461	335.6938762163845	31.31291427473257	2904.817029646174	125.7415888483096	1713.03027060119	42.21584886911455	552.2546631663048	23.08510621239545	
39627773869823370	42.41797227851951	2.529942160198186	364.8348102279988	25.05704560152382	459.2697612029589	35.87964333429667	2969.380031873064	152.1600757129718	1555.093503787371	42.0542705517367	523.9149236296945	17.61345894901062	
39627785886499426	39.07993989919568	6.482568988377556	736.1248033600649	38.66852522838794	888.7458458136421	52.7977911726101	4605.367283387255	198.5633804123506	3277.710000988038	75.57840644201708	892.0885927517272	25.04655769210326	
39627804035253704	40.91285951456441	7.365996405922562	426.0848151337449	36.99531167596255	543.4822866088003	46.71972883815013	2155.365695953481	62.8844424306134	1388.800482753572	33.19014305175178	475.7357973193617	19.07487319446792	
39636503512488459	38.41250908441882	6.319552692121313	694.9492149274097	31.85458599855511	946.1494739435241	43.65833539996373	2877.508425662014	96.85997554611676	2244.798710514384	44.66504908064145	730.8328761014743	17.44337445475324	
39627676998174007	35.40066831425151	4.994639725749341	153.6968056644676	15.2849778960901	174.0633311717633	14.27393673039776	1241.329510112958	35.04860191043323	823.6901592153964	19.49176433876088	295.4139895134905	8.29575241255944	
39627701115421272	95.70014059207993	4.217944023198709	164.1608205465625	21.65680744653021	211.6262249900853	26.19921793796616	3120.852506200987	122.4449948767258	1700.082530402559	32.59375654821416	607.4926436517068	24.83247440749556	
39627725404637983	52.70551819137344	3.946675486235524	298.5164350061884	22.9837787282866	385.7554381414721	30.28206491619366	3476.169854754472	165.5675158907495	1711.794135116434	44.09294819421063	535.1624727171722	19.40425885348284	
39627737333236630	51.36934478768617	7.09375223915624	368.9648422134186	29.76300037178307	471.9887000305462	35.5655993547274	3432.128437361642	131.3837128960429	1835.453699905329	49.91350290973156	590.2860400907317	17.52023434223301	
39627761450486201	55.75044715630109	7.034264451730521	470.7105763039928	31.82120879280605	638.5574201179755	38.24773246983764	3572.315733824058	195.7986676692447	1931.486523189655	70.29849964625664	640.4661083441671	21.56679252392534	
39627767511255158	78.75837493207507	8.574506956410866	346.8758008189483	38.34106556921644	540.026434256503	53.21952248947787	3310.743527986574	179.7728535046396	1985.276990660382	55.16690867138318	681.5967989863736	21.94638207043293	
39627791662057661	19.69758253529424	3.496096873223839	284.96944245719	17.90129440559265	337.4182973118873	22.98757305684406	2078.710029849977	139.3036788047699	1221.284060287204	42.74055909563363	375.4421222892889	23.22709672652055	
39627870103929456	52.30677299907807	5.71733903483168	1041.39777508212	56.82626249271222	1409.409780323069	80.85403261789935	5638.117952717359	235.300509179544	3313.330054191797	88.52607958545354	1214.809561216787	32.8838455209056	
39627582836051631	20.80057489721267	3.785844806389032	272.9120514666133	17.16380261083234	386.6828152066706	22.52614583491772	1485.658841299912	68.41229233559612	989.4760979476877	27.77037976936022	337.1847102180195	8.979833143647863	
39627612951150946	64.31802193268584	7.828982706187946	687.2787382056393	47.03616791656057	812.376427806221	59.39780382070674	3917.064937912204	112.4718950082897	2564.262074946565	46.70714789991673	781.085216566694	12.94249043706209	
39627630865027512	94.36736994393789	8.872933594201747	664.9317907722999	60.85184440682028	910.4149879837246	79.59115184615716	5886.334664064151	321.8266004967713	3023.190363830516	101.8584818740486	1040.38598985113	32.61704115622664	
39627630974078387	54.36887285245344	5.788488510082566	583.6050210600373	39.57563513924654	702.6914138070954	50.53866280905093	4290.970423321069	254.3382675317557	2426.82562569626	73.6706968650319	793.9165612575079	30.58323811584045	
39627631003437732	43.27073267607297	8.09149324201625	366.8822848665107	27.01586854174895	422.6758234790328	28.34540779137854	3572.052054886671	167.932136985512	1658.671273776987	43.85391441312023	543.1977877336979	17.97021264031105	
39627648971836439	52.71430545128633	7.557729373041186	1399.313137226821	125.2368665290245	1914.488435048304	185.4039349822074	7522.17794972576	538.1972734713809	5620.550489013841	300.5748741463192	1822.041288399901	104.6402006981317	
39627654948720860	45.29603053177974	5.952256104484591	408.3036834300871	34.46906923723321	444.7189119078555	39.9691798319012	3761.760888534498	182.8539640095644	1972.368241927478	59.61531747312609	599.2981734918559	28.24585209967062	
39627673026167588	60.91446350290498	5.79843197149818	367.3935549517307	27.14011701915615	449.959513384385	33.82613534879044	3278.323896161023	122.7886987859904	1781.230700486712	37.14337985316475	570.3010521603815	16.39477406925308	
39627673072310922	12.59170838263013	2.407984299914277	640.167935342901	52.46202174183787	578.2534575934192	59.11350843664032	2510.075965872241	159.1917141763263	1802.871714346427	59.18856632959796	588.5206124098867	26.59442864599506	
39627691124591712	35.51364511644756	6.838617306007804	166.8098177569011	19.33357743388289	220.1867701165979	24.19616789974114	2489.31633373782	104.4583886707332	1279.876364099959	28.69561066250506	400.2914392730115	10.93880613835667	
39627709176873464	24.1695902631047	4.147871530545563	334.6359342110051	27.91763132911224	388.2854300521699	33.19173334119943	1170.93091597477	52.37168546498915	893.8611580468086	38.52729347667402	303.3389439887144	15.34322126722099	
39627715246033463	42.60468735356731	4.911235901144946	225.3310767447207	20.36501495748014	282.2496617397838	24.0883374592487	2325.688057345198	111.1831489357633	1135.004805882478	32.7585937450539	410.5184990620201	12.12268792354885	
39627643334693545	25.90780607263782	4.381178194661077	197.8228585828462	18.26215930460701	272.8600899448443	21.5135417492572	1083.145574101852	34.04179320592773	780.9966653682887	21.3623763606432	265.738670316795	8.203695922816074	
39627667430970050	36.35199747870392	7.090697760134963	369.2907841352354	22.99080923789731	463.198272312421	30.56728217823936	2501.92585559838	156.4874331378147	1504.090957144682	57.9470866720241	477.4425648289919	22.10124183691225	
39627691539829692	59.40140441402572	4.990555231562841	1206.603239568773	87.75281647692152	1404.0039036319	118.5579098623247	6438.712572853092	427.2652926205593	3992.810486611073	204.1139415778639	1314.556461922997	63.42372746337725	
39627655523340956	47.2775632262715	5.213007049094672	413.0190828680891	30.13359957994674	607.6492056223111	42.55235701147295	2656.434040172812	112.3826006875954	1756.702302058201	45.38653708065435	575.1442245397877	22.09378915352205	
39627661550556653	63.07118828082461	8.430190326297213	445.1500304779937	44.4289017660183	607.2466206264774	55.92889417765952	3351.762742599175	157.5376186906324	1898.590910051927	61.12385309820283	668.2627755319104	31.05141043242561	
39627673550458898	24.19838934852021	4.530844825819052	118.0070884134535	11.0507796172286	155.6836926229145	13.591354388804	1149.214939832301	42.95009715884252	623.7049366913309	20.41268769563452	235.6509488318972	9.227425363679785	
39627679732862962	84.08741404970706	11.87039775009619	385.3492423813047	45.15591618313238	427.1160522807328	56.8577448677208	4998.362027611054	290.4491926844074	2128.403346093495	69.90678858931857	750.8535979216251	42.53003298037144	
39627685592304265	102.3893483605103	9.240063572727548	532.400321272748	50.11532472099801	689.0954701399586	64.35410054096899	4859.781488003998	167.6660103812785	2758.003539892684	69.990951279628	1005.919211445096	31.68893474096593	
39627691724378421	27.90210981672544	4.058068635701811	515.0520795403168	28.2875867805841	708.7190838762348	38.86605577182794	1544.696581521133	66.3009610934004	1206.745953051936	46.86155218713541	403.2017737273408	10.44369047583898	
39627697726426268	43.22650810462284	6.902102348217818	449.345107980208	48.71343841131353	588.0279027051837	62.62329142081334	3776.356777681752	318.8532589612875	2094.042724376198	111.8583357709302	732.1299821374649	47.76936027486112	
39627709738912591	27.45425989940357	3.224884220069	154.5759617501517	17.50490092759777	226.8243059830211	20.32013537602667	1867.22679031867	70.16745843536197	967.7274127517909	18.61355110881403	312.8105098763512	9.449964265998236	
39627728051241557	29.16755993491326	4.385210304944932	658.0506716975584	32.53249227258606	735.6066029264539	39.48487125381965	2850.948737389914	169.9619423011395	1879.431910002642	80.4615617824036	612.1246177904275	32.00083289768391	
39627734091040099	42.92260468271812	6.456000046872953	300.6876944629055	18.54108531646244	448.1930435067554	22.61231498989371	2606.979397505968	76.47456545203003	1437.806760530415	29.19771535415382	462.0420818469793	12.61823286443902	
39627758174736675	175.2445591672122	10.734598687653	937.3218365524148	107.758304142814	1184.868103571404	132.7507120362301	11206.74122535585	841.1972474812559	5445.573020220809	208.9217857174864	1668.797533803649	65.15575555337914	
39627758254424582	391.4427889546764	10.20701489127443	1247.888720337181	138.1635845149995	1706.792138088315	201.1682764898041	27115.73953598563	1910.9216106658	12623.39099343584	477.2121288875945	3909.879556885826	173.6233851103354	
39627770224969313	47.28409627996711	2.609465901838631	362.3680575135393	29.93373460367905	506.1842266189845	41.03328067586281	3204.499754807069	159.5379185299001	1770.175864738139	44.22155300970434	576.718309957785	25.24951599886381	
39627776231213766	38.57926700785512	4.007046452334638	209.1985465768799	18.76754349856662	278.4947700330785	22.77385602413693	1771.538142797391	74.28452892154819	1035.691685111791	31.91842689378505	356.1750659090596	16.58928565063388	
39627794300278582	36.55980698510807	6.537632469973366	116.176666471094	10.95606950374775	173.0015469394186	14.253227549896	1840.883242479013	61.31457631973321	860.7547906005756	15.6501613209037	278.0345120098088	12.04498331194431	
39627794400938607	7.530362962121834	1.357401656756503	106.6480840957649	8.4100100635201	137.1441067259443	8.98777399612348	467.1302508236307	14.21477817941779	300.3557180432136	7.921968968061456	107.6701405975032	3.205348630349285	
39627812465805113	21.61944356249753	3.875110167773608	239.3145256839976	19.0978980135292	287.5845336592067	20.74545220342494	2605.944506652951	104.903194417451	1364.323926759839	37.81499905182919	421.0780956659045	14.01182565156997	
39627842631242432	58.96533853405032	5.556953886942699	499.9579668634692	40.72240001478052	663.3235874033936	51.38955260604158	3365.120973898938	148.5162889355446	2024.063519973324	70.59148399803377	681.4316109338797	28.71764248970929	
39627878794531625	28.99609623009787	5.478023323306468	159.5823884175418	12.35320471852206	209.3245741649509	14.96847040796637	1014.735371938629	25.54385542509997	577.5537606776222	13.9320962730425	221.8392240393966	6.351141880198798	
39627878815502077	22.20027549854068	2.495088786811183	287.8777588410167	20.50004925084409	360.0721238079159	23.97334202198655	1191.172702123318	44.55485530136092	1044.708068571933	29.79329129075527	304.2226961689154	11.27567779536845	
39627915066869220	26.78379864756625	4.905048921539704	211.4314453070269	14.15733647255492	351.5417357930719	22.08545254701239	1653.761406973191	64.24722769547006	857.6609762124461	22.96067038388983	298.9386599890091	13.4442708552491	
39627921031173303	33.31478065468404	3.664236989231667	358.4048368382203	31.52079949671505	513.7743527727979	41.29229499874536	2797.798266120421	175.9439906435205	1468.376467598883	63.91632603091995	545.0067952946346	20.63407921229562	
39627963141982718	59.39349879068005	5.955848698102807	283.8720876447341	26.26573597217464	342.0436028188836	32.11501715554947	3089.055825630018	158.957794435165	1488.514334705127	41.5063827357254	487.3001692805869	17.94426056423479	
39627975095748459	26.1986622611478	5.238307135794917	274.8040375459096	30.27699451349218	378.4022875362529	35.22768590816838	2210.725874349577	86.16207553263057	1124.515575960584	29.99183651538652	407.9237728953892	15.35628738387632	
39627661261144856	44.37223750923269	5.895826415351941	283.8437268316328	29.18211547698009	389.7211591521098	35.61784074180405	2249.838095873069	81.58007625841445	1283.596638257218	28.18800550659204	480.5193766771396	12.75197374814972	
39627667305138490	174.2360388810106	9.089472545003643	263.4868751232275	27.96389066238578	379.2491960671229	32.97495372535538	7328.840670388005	406.7139604416715	3952.417259900132	133.2640375815527	1190.878915259239	40.79735950371065	
39627703439066185	66.43137835934081	5.326860857243383	394.837140434906	30.02814970500506	546.898037413859	40.12215371718513	3549.916865354028	190.3124725867067	2022.472663284506	68.68188421511394	682.8189899697983	19.9395859362224	
39627721390687355	87.17905847029627	7.800644852753932	470.8101245325726	48.82933314371653	554.9675143579825	58.67718069947558	5893.647936914088	287.762494907478	2847.096483413433	91.86724819113222	901.5775464155136	34.63606160868186	
39627739572997419	41.77631833593029	7.399543357335538	689.2308608333768	55.06437681583429	844.4301634076462	68.434634989664	3676.033995379929	187.3611721591869	2183.391886700029	69.64047064543445	738.2509558735837	22.80764053023003	
39627739648494854	44.06042390360069	7.247076673186399	914.4840700974788	61.29825179600334	1168.84663375272	74.83362994168058	3727.523281323445	196.5015179618682	2918.809273393486	90.79117059701497	929.8412885513602	25.5569931969587	
39627739698824533	28.83905536024635	4.518372649804266	278.7915389372187	18.61102846713085	358.8165143942171	25.1438568236977	2312.837479606403	111.6991287899381	1423.684946101473	50.09859667395394	436.2542360620495	16.30225105311878	
39627751598068708	43.71201667849682	3.879236432303931	181.0963357918521	17.90836775677404	289.9326581177201	23.42537248680392	2041.425053897959	94.24700055551217	1350.708813351197	28.94000738193756	438.6491536704576	15.49937479242621	
39627757583340321	13.85654486680511	2.187818092759629	174.6566817331963	8.659271094234334	240.9403044194349	10.89671098043199	1209.808903515783	39.52111754293296	697.6932966725208	14.29626980203742	228.3077358015559	5.943653145561311	
39627757604310086	42.55586208502091	6.054293294593593	147.2163107013916	15.19271028829603	221.1356458762654	16.90751074068032	1992.496092598293	100.4152383011294	1100.869016914297	20.21871419310226	383.1923299003928	8.554550545600138	
39627763761545796	31.8610068599669	3.685786072344732	181.4500936768991	15.98744475431899	217.0383556386259	19.71542955342928	1726.132032785994	83.14449158819644	935.541365917612	25.45926279317167	315.7773173398779	11.76106421450472	
39627769662934656	33.70165142127011	2.421173666338387	426.905714610484	49.42560507979606	448.9811889037988	64.8547702394499	3288.116975229834	268.6512233928344	1788.926532778109	90.09415898724768	540.8466802201789	34.55985135365816	
39627769671323243	14.15154459815402	2.511508093731434	231.9243766474414	12.19345979205462	317.8835690551312	15.90769151130498	1409.994627814826	86.11814210613213	930.3483716659016	39.27387054404517	287.9117864873464	14.07234615292826	
39627781859969789	65.80594371934934	3.458427543222321	277.6312697537423	18.93735867324542	362.7711495721963	23.34546698472148	3975.760292861177	264.5025338010307	1838.991788278204	77.60786287963617	586.5590609487252	21.78959914530445	
39627805918500228	10.05464012657763	1.962122929315137	487.9305105744089	16.95094330062399	630.3347258562026	23.26942169532214	1443.839480183963	42.66882929024137	1416.954324225089	34.79686115446594	410.3554394167704	9.15668782127087	
39627806086267972	39.2075896684277	4.776687210097033	1699.489305397001	143.1017152202068	1033.648352317497	140.765356220778	5901.437571488618	382.3013893295938	4157.865884360855	160.3363948739381	1259.697806188408	63.27494116489437	
39627806199517345	33.94077443260553	6.576795833180045	630.161944189288	50.52013894203483	944.2379486526435	71.70959714166102	4217.297343532139	177.9213883854312	2669.933297547928	57.17057723817762	817.447105981683	26.34586611585129	
39627818232973761	44.38073663262765	6.380621150415952	750.1724758391423	67.35342321517915	923.4488975431274	93.23302777733252	4023.421746005914	276.5343108077743	2465.490918284771	116.2346827839164	833.0098925569218	42.40169201260373	
39627824084027025	47.04767279619177	5.206180307126151	538.4812177610193	41.67889546636169	803.580585604043	59.05617268956044	3094.495656374377	151.331034531902	2080.17836886132	56.40556365332469	632.0240918871092	16.25820560306671	
39627824243412862	31.56001201544159	5.644945568957344	623.2724067330391	28.34809471286949	872.3453530682372	38.48458126924196	3747.069400492664	125.2939438195204	2530.40941548168	29.81567518224548	752.253885001056	24.83806238139578	
39627842434107463	74.08880020704801	5.91073056787477	122.7940041183161	16.38482717322844	153.4016471753021	19.33072560121111	3140.073222041635	125.544591979635	1479.633867061804	24.85818470030194	507.9825519377646	10.86053460680714	
39627854333347143	45.49496264297842	6.074427328819818	226.3723741273881	20.21100964711035	296.8692101660791	23.16455353995228	1918.274563861629	69.08276871812988	1264.610098839039	31.41355990457696	436.0226082535165	13.97443089973045	
39627878471567088	20.91863654763129	3.631662806613383	440.8920343699287	45.71698289048731	794.5016832574221	68.29778430217199	2575.019718977341	92.62431754403758	1883.262514829078	41.20958462468721	585.9084032590723	19.73397738464477	
39627932737474769	33.60643461307648	3.954610346397871	945.7085554238072	69.48501514548985	1284.080601345642	99.55251905321066	3966.349223381872	207.5135910253545	3115.588743673081	94.19230420021134	1041.866975439943	41.3956801161185	
39627956787613161	42.74144575941009	5.521473892103743	622.4369741528579	34.01938152681259	836.4417329032651	48.93836030867601	3265.155314948799	135.7577798227939	2091.030788885012	47.43166861684781	678.3540712491589	15.80972883907155	
39627860549305178	24.89043590176187	4.787683780656929	443.6370215354748	37.88361950295025	493.9125162906679	47.77959290573954	3329.980558759925	195.4296452055891	1952.025701750558	72.75954158670325	590.3546368065914	28.51063313602467	
39627872729566966	43.45084826041275	4.982254052585989	454.7988715584576	35.6047468241266	596.7390429360746	41.47184745995045	3565.020641899709	162.505193260903	2330.020763233551	58.68562764868833	701.0289947485882	22.87099773428474	
39627884729469166	28.14162163457232	5.530409764891484	351.2931042825582	25.86372769216106	471.4185588936566	36.33840797321941	2204.254765680595	75.12251744428687	1313.453302191446	24.07600459164884	423.2312939232608	15.63298167677554	
39627890781850778	41.53470371368353	5.334252897113859	1213.954307662769	137.281752420716	1808.054205364728	242.8565262470059	6111.415663516501	454.5896470442745	4968.426802218241	192.610375242222	1557.79515507242	75.60579551756553	
39627926991278053	31.24376212593458	5.106268674388991	339.5900630226793	22.75837198716824	441.831827280112	28.45317923843687	2236.349318479492	87.10306303136159	1259.904475293497	34.9456334354728	452.0425246338885	21.26436859077069	
39627975007670993	26.22129921952708	5.145716859653483	191.0149211888962	17.46849105138924	298.6005046632999	26.03826018258192	1493.263915961194	64.9908199107427	913.9820831593992	33.00281066258425	282.6496611833567	11.08737193239493	
39627980816782852	11.75942155768439	2.139153623259872	477.2002142528031	28.66685327740923	577.0413283592877	35.22837159893839	1932.759738244075	96.1445976352849	1620.242278449254	53.21549988281932	519.3555190038079	18.0811567821689	
39627986994989664	42.80372436407993	4.626979937495305	823.3627199316636	42.02417024079952	1051.998897042342	54.94047455573133	3517.844015628425	185.1258402457536	2421.530839106142	88.64212351789011	798.0489242517036	21.6263275323579	
39627987003380381	46.84998498175236	5.203859060547545	326.8440911498257	18.65934105073159	452.4481573727347	22.95672044654377	2011.398776626556	96.05490161841885	1327.580789846585	33.94764914161555	474.3864940803833	13.57483233731708	
39628010931883100	20.98806773043921	3.841651549488723	162.2956854260299	9.962194429514113	207.9724826590074	10.94272624996654	1612.641583952282	94.21897377429278	795.6660816142994	26.99388122683849	251.9841117766003	10.82433380266897	
39628034713585110	59.16915444502041	5.157723775380002	472.1287875772453	28.9171786203033	625.8393487479834	40.18810096120777	3724.759017841648	227.8130287545813	2027.066670000823	78.67019317888493	678.7180017167237	26.38904990102027	
39628040682080708	25.22943505931864	3.464883171724914	218.2040779575159	15.2527236818981	336.2685942960424	21.0069501643179	1506.634696999824	36.90069110554978	994.684920933022	18.82896227737686	339.1056852134842	9.332546283286838	
39628046629604107	58.96870521030004	9.721972283550796	325.6535723663845	39.96035427313733	371.9232444721173	46.77380813539887	4565.891573493609	284.0912618762264	2151.093116968695	73.56994904099419	664.6707337765085	22.3031318387851	
39628088018994643	56.40951588947205	6.611114014296188	382.5577247405375	24.27276556544014	506.9435195007225	30.62247974202577	4385.525729879618	260.6349900440073	2150.88835387612	76.64079446052536	651.5836799134255	28.13746712100071	
39628146772804489	92.74780776150898	6.228643095755729	292.3845892397434	30.23031162909931	409.1958985665348	37.32265498005666	5151.176781674001	311.5401588404404	2533.706998201579	84.05645698400038	727.4347537178209	33.36242771843011	
39628175814166387	56.85051619863169	5.392374557385113	520.7631458883569	45.19684623256833	513.7561148558011	52.8097341699176	4448.26825831506	382.8410482510898	2442.414675089264	106.1555215821901	754.3939919316433	41.5495684539791	
39627564838293767	65.83353724630267	7.745560610739232	988.062118952769	59.58845509931989	1247.608786841141	75.37108488071001	5738.615286312288	433.9688174596393	3606.587068986787	138.9071727854871	1209.643101372044	50.80081372297984	
39627588670330036	56.44259183216649	5.277492466649006	295.0496557052032	18.99893299422336	425.6442717926894	21.50174494367512	3454.586717841898	171.4956471415772	1663.108871938462	49.23346184761557	574.0159473476529	17.54396396255334	
39627618693157054	21.99032881750798	3.330842064066077	310.244529722171	25.19003131775755	429.2928763359701	31.13734096516543	1550.404824694069	52.94578316625348	973.3758607953666	31.29023364006953	316.0124584954151	14.06898680583706	
39627618701541910	67.38258949644396	7.233563118458056	966.2881774339512	69.43882987080842	1124.298174166954	83.14815103524768	7159.494443040382	458.7140183530535	3917.332788778039	157.6510288017438	1281.932344622964	53.14004746744881	
39627630479152301	56.57285395012015	2.554612469934982	181.6201661070197	17.91233557711326	241.7176187761929	21.6080088299876	2258.12004228787	113.0145079478184	1289.047634886018	38.23942011439293	420.666977782663	18.79575255726423	
39627630676284303	43.55325768600164	7.448477997591075	277.6047326426092	26.86868429805099	322.2084042421768	31.54540812406023	2164.721244101544	107.9483652098328	1505.852062041467	54.02124939498933	503.3043693425932	21.08930175947646	
39627636581859465	9.025935795100496	1.738415514023166	341.607757921853	25.73815960174132	453.2999055516208	33.90590926218275	816.7770419059176	35.20670972852395	815.5888329510652	28.27223508754674	243.324946813763	11.84613555880465	
39627654697060111	31.03813495684607	4.393761894212211	41.96313841612209	12.38791145547753	67.53765400100988	14.19319694422097	1407.35968894791	66.88578932852275	666.7538886400879	19.31312645871614	233.361499230707	7.975374342949182	
39627660590058487	32.09645204106823	5.02085150950021	830.2431997021974	49.45901383958684	927.3303291289507	61.15566916140137	3383.719684579079	220.6671018983257	2175.741782680511	96.9426968713994	798.8355456822563	39.40738418016736	
39627678734615832	57.2850158734871	6.462291022517167	236.1687212588506	21.75957985631517	298.5691247268946	21.1306560945095	2946.880314003287	110.3823220998347	1575.368093097833	33.72274443077151	497.4967751952661	10.11845065662064	
39627684761830281	74.17648513205637	9.047876339800698	693.112747980293	55.16852911011197	828.5436494580991	70.10533187604126	4593.917224823007	279.5403738114773	2706.478707316774	84.50350459773541	857.3570543893936	23.64726142015709	
39627696782709779	113.343923403552	9.504148012379606	1288.759869774475	105.7337502825041	1711.892788766799	148.9591283503738	8747.457910965612	544.5077469235506	5159.525021960808	179.8333839688858	1515.286288527069	54.78889131816354	
39627696820455734	49.43140859394778	5.573159770894232	721.8669279841245	46.95923194913419	868.2125163438558	57.53860623820199	4525.32509924939	283.0696601679673	2766.1226715196	125.1212908595664	871.5757033318489	35.43559863742783	
39627612762408114	65.51488916566063	4.781922389280504	712.6304048538353	48.26501623902772	968.814353074202	62.64822547295205	4533.65299138237	273.5557756236275	2793.989788210522	106.413463493339	964.6714756962921	45.17110505801718	
39627654747391831	103.4612452645402	7.846438485865464	375.3380709972753	37.03204649395329	545.2587643319437	52.09801423539414	5461.709851139367	242.284985910563	2587.858801359546	76.75646915893904	898.1005050614223	29.13672286182092	
39627672921309245	50.47126275206472	4.735881625458114	835.7278541504668	50.00127243958052	1036.431154858069	65.82236195138226	4902.634608897568	313.9969108686971	3287.929335758334	111.901913107571	969.053183770991	30.78927890709179	
39627678965301693	26.63446404631134	4.930440255002861	394.1987415233853	33.03388741793294	486.1882003308417	40.48809241209161	2546.401054489472	156.3701206038893	1688.952121424535	74.5450026523512	492.6594267700472	24.94929610185185	
39627696996616059	29.96769065855891	4.601252781715645	211.0881443655091	17.43531788025854	285.1661799324987	19.88615211250924	1741.492975747701	82.41033523806794	1029.092778470331	35.13016423209648	340.2147811974864	16.49160911370035	
39627697076306827	46.34087805059584	6.511084995921	868.4199167717117	49.06831639878423	1025.513492620969	62.88759777280956	4410.778132714868	185.1374817088038	3090.310996109469	74.23757835414328	995.9627184393096	21.64288502360451	
39627697076310846	48.75845306002928	4.102150557036871	245.1728906295458	20.44125583485598	328.5135585792797	24.76319057712297	2199.429535130184	55.88713990122551	1381.813639665995	33.40807092433567	450.7790521911426	11.48190337674084	
39627715036315963	64.04325370394419	5.812674383572647	505.4636518850837	48.83028388122253	616.7635661467831	68.5632977247872	4363.205526079199	377.4270836978482	2359.778435943484	156.8291961556762	789.6773316813058	55.38639589394424	
39627721088700134	41.20368346764607	6.829900619267543	331.4359789132166	24.97414033912047	496.8467413602959	28.89610613950454	1565.181595682202	44.75205882562602	1059.960066054022	37.09651717840708	385.2234492202157	14.86899380373937	
39627727073969173	53.72456741974409	8.138460724780604	831.0306156275348	240.5989287781547	1466.334704343204	90.5973380804086	3780.832532157719	171.5716532306938	2919.744581949732	89.01281175393638	917.7184761264641	28.56386087376468	
39627727128497122	53.44286281364037	5.595971108245766	326.3999802742483	26.40607451071093	433.7822068869741	34.95640585920403	2988.75546776278	168.8923043889938	1473.302347411113	43.80845863716285	496.4982756005419	15.68756421594075	
39627751451263655	12.05271822711636	1.747617110933692	242.4845468482491	13.23509282557968	348.2505363910122	17.19061707616077	1193.171523301813	57.08680010985236	904.1441865016102	27.82989170224994	266.064466572429	9.434123730328528	
39627757415563400	29.47067544870505	3.969780199094424	687.1866953804664	65.67420171964729	855.3192325166664	85.3733345869659	3500.267380208856	124.6960788707311	2577.3969307874	47.8840099498838	746.5961699176156	34.73463094625266	
39627763350503748	19.87437684112792	3.68967769704762	234.2279787169412	21.972932292078	285.407431883569	26.68588738889741	1543.71758279839	60.47023491774922	929.4724524899483	32.97393410924833	291.5682257701029	17.10880540039003	
39627787497114355	69.81151550754448	8.2287629491058	118.5922409383565	13.87614059581787	169.1317482266772	15.89289871690584	2558.292813162585	94.97461096003995	1110.31509674342	22.20744161349663	424.5250828385114	7.486443980027407	
39627799731896656	39.21962043620734	6.437797284376712	567.4434553264189	38.39649762749139	463.5725141080754	38.50741642710376	3234.572673060246	182.3335543298347	1588.103754751324	48.40834444215649	558.44169387175	16.9492848787139	
39627817666743251	41.65017844328828	6.925911157443181	597.7771876000736	44.88361505075731	841.6473092900669	65.71698952012899	3668.993552541048	257.5662768051851	2017.980920628386	75.14672857955527	730.1323161080481	34.28232537319382	
39627817838708159	30.04547242559692	4.190353706420693	323.455525570961	18.3266345355496	411.1189490662904	21.9042199521048	3064.315446663481	149.8343038623261	1869.703354090184	60.30207152410963	547.04800137369	22.43363181432995	
39627817842902068	28.43747927175906	3.916203643351456	376.2396574463606	35.57786454492455	435.2290018284901	48.16791061630175	2547.482904059974	140.4741763204143	1379.167706362365	36.16554886381838	436.0030146980775	22.91782139743415	
39627823849148957	32.83070528723188	4.523727672173987	109.0836905065306	14.42215312689401	144.9435828481905	16.32811151647901	1355.218920373784	61.82121386102996	688.887804060993	21.50221567009764	221.3392362224273	9.021837120066394	
39627848004145024	44.71201757601436	5.730712739514739	352.7807715424421	25.38368499028332	440.8252705872032	31.40551388435494	2696.544746048133	144.9509732226744	1624.071032011312	54.54349613499243	506.4458205990997	20.16029244619278	
39627848020922137	34.85835720048821	6.061420124456054	413.3038023430503	34.54127014066446	553.7195552802452	40.25261794436567	3450.161806738994	149.985673158013	1864.160302513562	51.43172717137328	624.0610267572947	20.0571396453219	
39627853997801593	41.56499473346279	6.367488799215654	227.3271845025091	18.5439278727592	255.0956213716557	19.31472459955846	2168.391241648974	123.4295545716341	1103.952769382463	36.07531083373816	378.95443460661	9.49318297888837	
39627860050185590	230.8607522770808	7.051213068339691	576.8588110014065	78.97535127909086	719.0665308109534	87.48100045620507	11821.4482314397	1055.175026772355	5191.457823539141	228.1450898414431	1648.16947238515	95.90657254362372	
39627871991366123	26.90657185831524	5.198075883379451	98.93300012145414	14.39460505781708	150.2538251892831	17.37776082321049	691.6975985051424	16.95682828373512	382.4626590807932	8.524398210510485	154.7015280152185	3.529441980901343	
39627872150754380	38.08324221474203	3.530643685225468	234.6153847783278	16.26294318617706	285.985376122029	20.0588630487945	2087.892862492516	81.40003061300152	1020.666197121765	33.71470424337228	359.5990069217832	16.38071065552225	
39627902207133319	64.18563967872706	6.958390864703581	210.1366527469024	18.28711128838728	311.9294653722153	23.63468072657419	2381.113599855317	77.33514770172484	1394.106028505799	38.04944874183432	462.9854481961351	19.49044646474048	
39627926269857213	24.98277897401887	3.192891511788288	218.8162222010226	21.83526355564365	286.2747138530377	27.40037584439144	1292.397722399419	44.1342974856459	915.1402778254921	21.65591555516598	293.4475089551993	12.6522752328802	
39627932368376502	26.54398835921512	4.075223133834624	335.2504771605475	26.30192473274137	409.0291417623628	32.52044215214286	2684.335719097531	132.8944055974543	1307.30566747913	39.70412883115028	469.9210237235434	21.14999938685627	
39627714608497535	66.14282956834073	5.811272477404299	288.362859682606	22.26126980060064	362.1049802115426	27.38264195590726	3994.44637877884	182.3376969333242	1771.542302120546	39.40186777818657	589.7739634852009	17.9376526055648	
39627738977403518	32.50613609460274	4.234200048025655	213.1043589122183	13.64680025322822	261.2461580119681	16.04395254060946	1874.833088539643	92.70263761238213	1133.099718511645	40.09430853212827	382.2981535120301	13.43310112984912	
39627744752961364	29.86388023551584	5.922071043233347	261.0249058969356	15.21139957630829	345.2630860487176	19.84961672464419	1773.393988359819	49.23720384187213	1230.232695307381	34.27791583247127	375.2675412440166	12.42315050287143	
39627750830508795	45.81731549427713	6.22621360016428	389.020548344056	29.10346748695802	475.8616551158995	34.78278746176042	3362.668948358442	179.6375772546006	1726.116312756379	55.85750189051907	521.3836504608792	19.05684926251402	
39627750872451995	65.44766830690855	7.494815198191466	321.5486423434955	30.77681606602239	428.118929271575	37.24731618907347	4517.46939932598	204.5679716797219	1976.945959096341	36.54390460784414	643.358701054544	22.51346581996574	
39627756832558688	103.8858077940937	7.997218127449676	303.4969883729452	31.84429957236688	424.1993307980223	43.09752699904024	5752.675074557204	275.2621580047582	2685.750274667008	60.83128914297233	851.1960470230615	24.2108765042078	
39627757121966054	55.27524712517089	2.88845242201094	256.4290419445171	21.86933610814522	290.2437267869084	24.96636982889361	2725.965037697973	144.1266205689278	1418.798759601232	48.45283503471697	434.3074637958895	22.84569998385328	
39627769029595590	109.7910531158003	8.204714025371263	462.0123948183772	81.75231836517749	625.6344936239914	90.43467067896752	5888.853578637903	271.2120622397499	3181.955115445679	84.14537832684975	1019.577320377427	41.74916126927571	
39627787228677280	15.19849715693954	2.489381532619232	132.866453091961	10.66526837760409	184.0600294474886	12.52932459526309	1020.192239088726	47.91569965511094	631.3425587826747	21.31417763579867	200.152862465561	9.539803978082922	
39627793213948400	66.50376245741111	6.628193636956979	423.747492052358	38.912010368959	662.7055670254603	49.71463265287825	4984.44945901929	281.500124011273	2386.995500156433	80.72460990802362	768.9487680892233	36.21216738579206	
39627811303981627	18.51645076527793	3.351015931203224	289.4850401433038	22.7787737134867	338.7747497130358	27.70013204685169	1424.838512233192	56.3928105056698	891.3850854608954	26.12651275385189	298.9287366862625	14.87100712723514	
39627865595054528	20.68303354342453	3.080454107210474	65.67737409890563	12.54777635734273	83.9455668156228	12.41969895348626	745.2372828630386	30.43767882997756	475.9636089038048	15.76011818150116	156.8103939987148	8.967269774921707	
39627865729274613	54.20800375777801	5.909125672889004	197.6157633865188	11.45115618395689	226.2474754237629	12.94031110023041	3184.563535549375	154.7655116400707	1285.652583736426	35.07366270722675	415.0411616184012	8.764298087644958	
39627871819399233	20.99672883643978	3.70518364256145	121.0084389971634	10.89855210379863	159.1770799725127	11.81484873113583	999.8876098670428	21.46878910486122	578.599577158702	10.26385757441955	174.7359162532072	10.32508517286523	
39627901796093133	17.54521742117931	3.26570564944261	736.792858350144	56.00465610142682	948.0911862543088	75.27182260391727	2377.325213633483	151.1003346699673	1768.936047711071	75.78752477175239	624.4527301171663	25.38798572942105	
39627907856863316	66.44630470712757	5.824263895784734	456.9484456069033	27.2597362105987	474.4975719316589	33.79679239005318	4117.303578495431	258.5288750513042	2072.431849759634	90.89027727356168	677.2613079844444	32.05602914083546	
39627974001034273	23.32234959552446	3.977099243951942	128.3788291636451	13.0409894297254	181.4282590914085	14.99788331176533	962.3585172894187	38.74719607546486	723.2197087108534	26.46162655284306	236.425990887625	7.606218143328968	
39627829666645095	41.71072067324724	7.0424617316987	348.2612354276729	36.12961512764407	367.6783158837513	43.55201830482182	2349.26611122763	89.46851500587364	1509.843237878832	24.67660856468725	474.4372397712556	15.11706705826584	
39627992162369638	104.1610494996425	5.496590258156418	150.5383019154567	23.81700844748863	185.7698548220451	28.79794793371576	3981.883315778261	239.1901318659991	1998.653772708815	61.8745679769983	692.2876662233909	30.85640592615914	
39628009971388686	24.85163235991409	4.335719092958247	373.4366295825585	32.02245687380275	476.1197572400594	43.45080651479414	2670.085596018037	143.8819021064083	1647.698448180407	48.42884287370094	491.1315342004287	22.07490451104656	
39628028040446474	32.20104172206592	5.354807120232024	398.4642838562224	35.20703748840166	565.3724187594312	48.81077471078609	2150.335519638239	135.0263634034389	1360.959630537067	61.02136592700742	440.2188887587974	24.36626691239305	
39628033774060678	20.65403280932319	3.377325791458837	84.32414912551299	5.808913682001648	146.6789791189811	7.578783659991444	1094.468145753731	32.25496929744772	701.2769046067792	17.73221258295246	198.3555335502653	8.734657454860658	
39628057719345722	51.6510833724133	6.963138769109647	442.7812385508945	30.46065580668847	551.8776881280056	38.66350054282657	3493.735003611261	244.6708505164152	1868.558519106843	94.77505085450024	588.7434945830585	29.08745294202062	
39628057861952162	56.4561599309276	5.631527547025309	219.2368876118629	19.19993457782699	276.2004639919613	23.92320029745297	3331.454388706789	185.1961257353233	1444.651104063616	56.04770149246459	504.6573780781458	19.73521487844861	
39628064035966534	78.48502762278736	4.485966643285434	76.85842280358462	12.29819423374517	91.90555720673288	13.59717748331247	2971.091202673041	112.4105475296576	1178.310807133098	31.36661067419689	407.2285162558301	8.047211977685437	
39628069920572605	102.5582234272994	5.121364153117763	1231.517838079021	86.42629039428174	1455.657353463377	117.3705684902151	11175.74007841645	743.0083686688359	5952.516714002089	241.9451822931754	1774.551516100666	87.98893825720971	
39628146584062238	41.78380935149005	6.811393252999768	320.2856522001249	21.85611727722618	373.8570874972334	23.93451928258474	2958.641551619136	132.5061941289616	1564.98098240913	45.20462061595347	483.1127431096879	17.13503767171845	
39628158227450030	23.06886346283179	4.000428642034675	181.8320196059952	8.303956842829281	263.4052070524517	10.82909162102099	1098.904411702614	32.56204652695708	672.4210256318465	15.22618734525891	220.113648895919	7.213063558384202	
39628063729779344	22.29671243807227	3.63067497774332	247.1401946464712	14.04017786806944	320.9460643620328	17.09300904172517	1553.403281000296	81.05996163867113	939.7192253282954	29.2825486729112	328.0554693692465	8.096101473675356	
39628209918053548	38.26447992180123	5.545738289767146	245.9081178962323	23.92149404002361	347.1547014509803	29.60888340034637	2270.235047438545	89.72766495483141	1335.397049811871	46.17258099774966	417.5392016674269	17.9073809990107	
39628506803470960	28.92244624870834	3.320369504378863	140.7203647807667	17.87932055992606	185.3300357312414	20.48758214968088	1612.966877619742	60.01627426977989	767.3508685102015	23.24007746327983	244.5729159993691	7.558242727197493	
39628527380727374	45.06786203012994	7.682153802019053	260.6662477658772	26.79065155536335	447.4218492724477	39.12515411759456	2842.851313646133	164.3224245898853	1542.721187248093	65.08787211631106	508.8705358774247	26.55403726974023	
39632945828333350	51.52905054774133	4.775645036333935	203.8343749730813	28.22423489317652	290.1321571502713	37.73840782131646	2259.344059757202	81.64305271578392	1418.011606181713	35.31529541639802	474.4102151373086	12.75066566488803	
39632955869497602	29.66858966791907	4.435158803928004	220.1456056819134	21.68387938682884	276.9213216439229	26.22530875104823	1882.624417790049	99.6580511170485	1046.497381374461	25.56320379659865	310.6339063937589	16.13995531226653	
39632980871743404	29.2589561196628	3.394113832034672	127.7060293802368	10.34789640247301	131.4980172940112	10.55797286834218	1605.176283508249	84.60454588556834	766.6747753261297	19.6121103880964	248.653708712139	9.524486846358379	
39632990686415283	40.38817976802009	4.650211904719248	298.5169026194491	26.03402938158621	379.5531389453033	33.57210912657091	1684.007015369025	71.31283074784953	1093.644694120291	32.94858001052474	407.5209158676706	10.91636236510702	
39633067609948900	40.8502387389601	7.871604218494308	245.746719837635	29.8323252009538	279.7718751385	28.59951560852829	1583.161061246692	66.92680843742015	898.5782540073066	23.07829156236709	310.1117102120886	12.81636635885904	
39627687249054734	25.49231123446172	4.072288317705969	240.3160248582623	14.98867459445283	280.5599785360671	16.89522283536982	1334.092897444664	55.02316530822834	840.3638641252033	21.37159825789939	281.3378622781889	11.60241545116378	
39627711420831155	39.96872215334332	6.422944903347751	375.0206081103103	29.95538715591883	488.4112529574429	34.8639014113573	2209.180362354193	110.6569254191258	1516.820721569605	44.7929850536668	536.5168417745697	20.71850768321851	
39627874461816046	29.46823818387775	4.558598371916559	425.012845639356	41.54143107573926	555.766991975357	51.21864532603064	2546.193807830078	126.972021967211	1744.822914710402	57.15236287621264	529.6828176908225	23.21129717529428	
39627746384544134	129.4628512585181	11.94341116960028	1380.065210641483	108.7502608767543	1664.00182282671	139.262942512286	11196.99287305053	833.1560025101817	6215.651540156229	283.8395449439213	1985.767738438593	93.86907070747914	
39627782816269586	213.2034925836734	11.99760884236303	2268.193437324173	187.5161043090925	2804.369167431957	254.3975244974652	20733.31094048784	1820.308610511375	11028.51988973617	574.8283288104356	3667.446466150211	191.3488902438846	
39627825023553364	75.05133007775663	8.331627561592162	731.0099963975341	64.507552310925	981.1872063595112	88.98042237676286	6792.306243646501	363.8045767121118	3410.411718484538	106.8121654322601	1118.946923559643	43.48533068540009	
39627843008729689	43.46465314567474	7.882350062538599	885.5888672574113	49.70097232152782	1072.76939992897	68.42184774498817	4018.186651512939	184.2161780917167	2566.024723610435	70.2894900234822	857.4883665201288	26.63712190767729	
39627891251612664	63.03676984722573	6.522036907344221	523.831548448966	47.91806336444918	736.1992854471358	63.07071724381582	5634.944140541782	237.517664457438	3103.432206013628	75.67719881220611	961.725718698718	26.87382948296718	
39627951439875784	94.31814901224674	9.564450411924629	943.2451955117194	85.07848184503631	1177.899252169811	113.8237833173272	7023.207326966594	363.1072192642489	4366.213615742278	163.0275337510134	1366.334172643692	62.27808857906292	
39627987447974990	29.16556756791169	5.397171633224873	268.5531067986022	20.61325482394202	386.9781753840884	26.35622137358535	2092.294910399045	96.84589436159995	1192.548141267672	32.35569437005439	374.2690745315806	14.09014913935332	
39627831172399304	37.23929383666491	6.595703047084126	232.1208693622691	21.61502007879101	315.0943743329591	29.00689566215222	1752.850485328232	69.15582896769132	1050.143549642375	28.70754014906534	357.8345244908481	9.063365948995019	
39627897601788869	31.10515716505363	5.258876909061536	434.6214584732427	38.30593512351936	553.7546805599478	56.01185447569382	2924.406491518473	257.1660591009626	1892.081289202405	104.2563307310012	606.073194016088	38.26822976694083	
39627993689098058	45.59738399436644	6.491145503965026	327.7673422450658	35.60878641099238	471.4488769223611	46.93373460829317	2791.440842700826	199.1447090225316	1613.251012100256	62.06727617100015	549.0201708866049	24.45521212566021	
39628005479285522	37.52442255170578	4.582384937700525	160.2922846806063	18.92255234543892	223.0038921266564	23.79098655374136	1626.440164846548	88.85698563190472	977.9550544477719	27.32052594167088	345.4465959738188	9.409472209082306	
39628011481334238	37.00982476456294	5.193754275377409	574.1867259355	42.62143497885559	810.0541680404973	61.432826299849	3634.633158743672	111.5417314253407	2275.533231247837	40.5238403257576	747.9521748961172	19.97006746632998	
39628076874728318	33.4848659940172	4.128299259043517	214.523346923477	18.6101128999046	309.5720236123702	21.02581484050658	1577.880788448929	63.08795178036004	965.3479968043132	26.58456397432347	325.9510872820148	15.48375044029727	
39628077000561732	22.87305741523417	3.168348692474178	175.8144565656791	13.69475378549441	205.8831753963103	14.79070528027832	1309.201074053067	48.80761760584929	797.1481290242629	23.48518814441845	279.2806230273379	9.566887072479725	
39628082830644492	32.86341675508039	5.952796987950863	266.4623879906474	17.98746917770236	346.1978064309462	21.83450158412294	2873.973336602206	131.841163168215	1368.847932968604	43.92703731515928	452.6586845560848	12.77467374686855	
39628082889364913	20.82327796587664	3.850498548614989	207.9017056341969	17.11243102922104	336.0265263052027	25.57351995186619	1782.114683256819	37.57164977916673	1091.12667361413	14.82674064575745	330.7034938117447	7.902267357371884	
39628088635559890	65.23684425437717	5.692725961293232	134.3573275939632	21.08790821983047	158.6343096505806	23.20047372843917	2359.600685990857	87.16558658665497	1439.441193758165	39.5322192176267	482.68059536475	15.15268531839212	
39628100434138198	106.0474999289244	6.402989322155832	925.0108959894698	71.67169747517255	1279.998534141259	107.8421421459152	6911.662613720589	377.8525411698549	5040.326493555504	133.8865524894062	1370.670930923027	59.27948566745189	
39628118234765480	58.55943020479759	4.427450249049379	124.7854867130823	12.90712096958533	187.9973236021297	16.42909040461229	2113.474280479804	67.71510642368354	1078.617105482796	31.83285976546733	390.1432443707973	12.4311666131707	
39628153227838293	96.48987230765607	11.22836265876888	2294.743064766564	292.9674320211533	2994.109072775596	397.6637860452443	13015.88617299656	914.2320396045349	9500.021464060123	360.2064135113192	3007.236891985312	128.1674440826304	
39628118327036614	35.86844422462005	3.822800364657807	206.5138496038616	23.90600217818851	287.9346863603525	29.40637365457929	1301.346119112968	38.23703688655976	851.7123029333367	23.42161162339239	317.8881574392575	10.31379269949164	
39628129999786064	46.14708646262404	4.725715284393521	210.5469700605007	16.86301245233538	253.7803643368248	20.19559420705148	2726.651800243921	241.9601072321191	1321.596644907536	52.6426719397102	433.149231591059	21.18515987006507	
39628130104643600	51.97108102696534	6.151562980663965	420.7750548925222	27.23359341767621	589.2107603276304	33.43231311308465	3130.128055573448	107.7442344261398	1895.257735215259	48.54564502567294	609.3053025330884	20.77850894959418	
39628141727056280	87.63419443039486	5.84118879396692	416.3039682021348	29.75740646611392	574.8786436971175	36.50279150822755	4196.772526569228	181.5672093871812	2242.334176121738	61.52442454566516	755.5817297581847	25.00822507682558	
39628159355717414	72.06207813658361	10.82544971488243	526.313266009651	31.4314554967603	693.8357962207407	43.54234426289185	3853.287670750809	143.1366212962817	2079.907418145068	41.38870575248661	718.0257151137408	16.05390550322337	
39628170948774976	50.71759962042292	6.547243653573366	615.4301295141164	42.01811890434268	708.8868926787513	49.90066601567279	4246.828440347929	220.5457753838913	2511.377608861962	79.95857467515775	774.3899556827438	32.47169337938237	
39628182424390068	26.03951229799403	3.80424305943867	103.6445078806433	10.84164190316057	119.2914252300274	13.23568069327379	970.5292595534535	33.98570716811742	559.4646733802506	12.85071235049703	185.9571670515595	6.813328501685774	
39628228670790726	42.77899095854808	5.166730246844244	209.1573020355519	16.62792631482673	292.708496038918	23.90798930693173	2351.43717142276	104.811573585971	1345.153612065927	38.9010453181028	454.0602903967688	17.36540655376234	
39628240179962468	47.66675918954216	8.218159544816379	280.8041373917122	47.57183138942466	778.2808936609387	62.23847162771798	3748.376910312419	326.7997166927134	2089.869466777691	103.3897344712848	683.2029171577753	52.44935839479305	
39628257338857814	258.2287660687242	10.16672555394155	461.1064346887341	59.54796534593304	614.7654689555619	74.54796140816234	12542.27332706827	819.8667415144453	4996.957994789637	155.9588532370178	1606.297024500922	50.74260928305943	
39628257376602189	38.19691018304255	5.404148983178184	255.7587751869787	21.10747395363054	286.8912508060578	22.64883455972084	1740.285224811745	78.83498520419003	1170.129624332658	28.8983319481173	409.3424076366021	11.18723392007691	
39628296849195103	34.01791495695214	6.172272305132942	877.9578005298541	82.07847300178365	971.8729162709596	107.4556373934176	4352.565031848653	385.1592088308004	3272.270854963248	204.7918885840422	972.6239199637114	66.4814084549866	
39628347063404260	27.84582777813255	5.367897342931813	259.3651022247199	16.43047297150656	496.6606773378288	26.25920372764134	1896.52123201922	149.4902265184102	1183.210291689959	57.39193881341991	402.5470802439947	24.46306085805729	
39628358190893149	76.78647208150204	5.863520950359579	289.886771197714	24.10790859970053	412.0327413367556	32.96617118743419	4670.451811538663	229.2778196504626	2209.151783930997	74.57867351663643	744.2670339375178	30.56095026789984	
39628396497474819	59.15312941103382	5.649153378791701	224.7285474357921	21.81746900382788	255.4368637553852	22.75304449884743	2862.405353573412	117.3560361521536	1236.766529418202	21.67013533637555	457.6656506175808	9.94493679478853	
39628319397773803	42.50290302493705	7.713433460866661	172.7756011583021	24.20826740890938	266.6938325318324	31.20803033635489	1600.96130143667	62.3106759494017	1069.68774724085	30.60423356443111	328.1153820299724	18.95285495542091	
39628391091016035	35.80683564882236	5.747731292358852	403.6518151793736	25.43472179137932	454.3027660742005	31.89485127006281	2666.40658090625	214.1599688511511	1495.864325988105	53.7211079770883	474.4109226313791	23.30578272906239	
39628439598144111	23.26536254144061	3.772604998953983	134.7658963949236	12.58572131711613	188.59096826719	16.87824693464236	1088.75640259817	34.04409085016272	590.0453018052389	16.87539991498334	222.0735697338814	6.594911917300113	
39628487249629985	41.16202380734357	6.722053554140072	570.7897821930997	40.44505512384126	777.8641686859633	56.96524514731033	3739.054557240456	198.4941129178862	2051.655446310412	64.9779165325269	689.8005023322821	28.30394711877253	
39632947048879495	62.45890670825909	4.700003966040284	275.8976803691845	29.14636265899304	375.7855442436103	39.44954786373366	3546.818008247647	151.0023407275942	1728.535105559445	63.21943487837262	599.0043655782719	16.32179642119061	
39632952031710982	175.5511888828755	9.13263696782089	243.8208543301534	32.88764002927012	345.1038780287992	39.47780114526743	5260.830357129855	277.5029085165697	3521.426806984649	73.07242204171338	1134.970851545548	42.6599372921558	
39632957115205122	37.70933647244982	3.829299400905457	441.6386568844935	32.00073699852887	575.548398925998	44.02368210386534	3378.698416057654	191.1173658963435	2112.04451261669	66.17278701167486	608.6047942686597	22.68283575670843	
39632967127007709	34.10706204617189	5.355812736637845	288.3388007678304	24.12761422203443	372.0302881766592	28.69330891962883	2037.742653255429	105.9050944912104	1239.063420001504	29.95839328053685	404.9860497649729	9.749850154636345	
39632992007619729	114.7981672350902	6.498975638311063	781.7127059183657	60.74290894151802	882.0267208369007	78.07230046482515	7391.603873552082	576.2797459330071	3492.613355771188	196.2466851651637	1174.581610226558	54.25405783176362	
39633059380726002	91.54787699745259	5.360934707438673	336.4755384680695	32.23842112008115	479.2721672321002	41.02273539613148	5397.822088703477	259.8893025305832	2467.122168430571	76.25613237009559	793.7930522346629	32.31216540911344	
39637143286450337	49.1662047553977	9.161606427121864	436.2406497359092	33.72682023545715	540.6022306715013	40.65476157537046	3316.803704457246	106.6583589848375	1686.911105044859	35.66254891775601	597.3434599049012	22.46286243998895	
39627392192349778	550.7297003183954	11.36621611248442	1196.975540536416	190.6496615159441	1517.971205629777	218.8444083217063	19871.32680013048	1405.148324340983	12453.22273146931	398.3327353327467	4133.819045576662	151.1056645773076	
39627456465866932	55.33256842736404	3.684558427526667	382.7516604149719	19.31295831927891	516.2579629255746	26.26929658957572	3807.42113401985	189.102355678573	2148.531695472988	54.30691922590791	667.4246123996362	24.10930796877011	
39627462354669117	33.56070634276777	4.938408180924696	148.1095464195833	16.03546853439797	203.0786294663417	18.53322878195973	2030.128545804834	66.17504979400033	876.6557437761213	16.7971582801522	330.5073989858128	9.193601613417332	
39627403508582288	55.71997078947719	10.07697333240492	1003.740859941296	57.75754874516244	1349.239366572133	69.2343688441535	4103.136580438001	176.9789547276111	2946.955679255879	83.41501120425856	1050.390791608929	26.46793925962657	
39627444407243302	80.67854206679853	5.005328184073157	289.7114205327863	35.99996196310522	344.3731313799658	43.63692823379431	3552.180738098917	149.6836787533514	1855.37332253223	43.33760054054042	612.8086955608126	19.91106462425176	
39627479656172610	85.21519666598275	6.494371399794493	345.2183085469787	40.86201035324292	493.6726648861981	56.12660444693313	5129.035730823691	239.4687332560717	2613.200839305656	66.5333764752923	846.9417640181227	29.2867595216714	
39627527215389089	84.95839206154606	8.738587741712317	201.1061755758442	23.54994223113911	227.5862930363644	21.1382998619928	3161.545727856691	134.6552859052719	1669.352836733688	41.34352403072167	584.5156526755575	12.70704344961319	
39627594286502952	42.81959852361909	6.049731777772572	1259.210855380587	73.60579208108999	1597.265994556778	94.09043483596666	4842.855536976312	290.9542498672729	3578.060256703873	140.0487178239023	1152.310876804401	44.35615322449447	
39627594341024444	34.64094885797813	5.701062047447689	219.4441313671511	20.96922128060091	274.0918053775727	23.41346188391574	1634.42502389763	76.45991737923671	1097.067669230869	23.78504245172986	339.1045126611216	7.099335349966347	
39627618307281522	39.21994672560982	4.098766425431302	106.6696288046831	11.96097676151189	168.5094833428093	13.70360601776267	1589.683057418315	48.55014324688972	776.1357243873487	16.16977335032294	267.826345468467	6.701790616330308	
39627624271578700	89.96416279484947	6.625083014301778	111.2872486416067	22.89658764473955	178.2013957976439	27.82794646196908	2736.823026842568	100.9587342202548	1604.627209204723	37.198103896687	564.2253335116621	16.56978630217426	
39627642156089994	36.41022266751111	3.678060492854165	192.4393672665139	13.12421116998735	289.1776510915491	17.2244772726231	2195.610107850744	84.5469069987212	1121.22215223244	28.13584036669784	373.5250536640773	8.773530350229919	
39627690369615373	50.85316392993135	8.721382327708078	549.0490101611565	47.62971197555864	784.0113008093672	66.16903265979568	5747.249889418708	313.6887378024551	3462.569577092576	94.05219228805242	1096.900034136478	46.1969362098099	
39627768861821186	58.35741020306964	6.414176694510376	352.0553386652388	28.61822826818124	482.0891646414941	36.06264975069543	3624.491807312643	178.714801336962	1654.044250813662	44.09426651026605	556.9259546734924	21.30927551496311	
39627631737439186	49.37055944729948	3.756889481507525	588.4436191996018	54.12515601035058	890.4377375204648	66.23423889836864	3543.918641674038	181.5464715222734	2195.341003209993	43.77928802593708	744.4925136356339	17.20407051256904	
39627549600383550	34.91160955409961	3.935594491766706	233.6467861021675	23.88349083188562	298.9760441577465	29.12873939583368	1733.248444808729	59.48477760401865	1047.74429044079	31.66698673374525	340.5350602169327	13.36658417909153	
39627573323369143	27.93505343299567	5.013088029787631	126.3193295896788	11.52199941900103	179.647479097603	15.50321602181125	1149.159143498619	35.40247161829407	726.8869730906662	18.90476378238509	233.2121865275487	11.81890636280258	
39627573407253261	452.3629655607393	16.32604067972799	984.9492292021786	123.5757265784754	1034.698128582897	145.7175626963019	20884.15364897721	1936.540528456299	10319.06573625423	484.059101536223	3172.408716435491	169.5253112511565	
39627645272459500	24.89800691704719	3.490534533843979	257.0031602764349	12.354155322408	326.5348965674288	15.22793975235976	1476.935697408943	54.93828514724294	802.1225074203729	18.89241778995292	285.713489102482	8.267306975366703	
39627723567531924	25.19186812314879	3.692010685030219	813.7913088363443	60.40417228923765	1155.470225468379	88.89841577516536	3187.401378067766	155.0900276286569	2442.094554390537	73.47235097003482	769.9175043023363	38.42973995642582	
39627888105883250	18.76689181996914	3.269723031645735	83.44500960985505	10.61868413204608	109.011708550597	13.54508743914296	636.0296774691203	29.71980728103526	367.1083407771293	13.06660636483359	131.9699128179981	7.565564814842232	
39628132386343250	33.9579920114202	5.414613898060654	85.57764405863547	9.17089931421753	146.9872496060255	13.09301290058106	1046.036091645008	35.02389393100867	633.8303145621065	15.85471365314078	195.6529862433363	7.449813852909239	
39628281946837575	40.62358574777718	4.875236874896762	112.5493052144974	13.72049919565436	131.4804323137502	15.38261323330093	1725.66305809361	62.97899301627284	792.0659594962459	21.17083236875453	281.0461840713241	15.39488216968428	
39628326972688454	35.85473602347432	6.856806226342105	147.3764163619112	14.69225918423747	202.4562229664846	18.10940448794155	2022.640036372681	87.68328272825745	875.0985583457807	22.3941970579639	301.499520310088	11.13043474479167	
39627889586471953	38.72866987063333	3.731013184627987	162.4206053821474	13.55928460209023	225.428832919936	16.61213450603962	1928.9003839063	83.5211835724436	1091.33340626349	37.11953872499041	372.432516342792	15.72528328815303	
39628074823714911	59.40933193218079	7.319935680786181	91.59341040501121	12.52483752261242	125.7745675192389	15.18100907961841	2042.939480997613	107.8387112264089	1087.900819124023	34.5749581519014	341.3833778402853	14.76231783440345	
39628127789389882	51.90457981569715	6.344451269130312	68.06254314871437	12.95534844668252	116.4012581661287	17.22403832180247	1918.76212758418	66.76321705284066	873.9166163179763	19.13472693130854	302.650948930655	11.07352188551927	
39628277823833843	25.46618474431548	3.935697208516935	92.68512053278464	9.926028865988593	135.6297470800742	11.12121192627416	1242.124335535057	50.15227265677615	625.9193294086889	15.02447425023584	205.3685248119614	5.862522194264253	
39632990539613978	50.93005967523514	6.173975445518994	150.955554832945	15.82338973453784	178.0371321498171	16.5341035791019	2021.258712487042	73.12255210956425	1028.331481511342	22.78025249296231	352.7029860520225	12.14738558708571	
39633122333036452	32.12406502911587	3.201092797091872	126.5759172813729	8.877481259868153	173.7051263850435	10.5707853602162	1543.464974795656	62.15669896362289	941.709378568419	25.41262104870568	267.9761562075731	14.16413835485408	
39633232039250152	19.43612723069595	3.1655077697101	74.0889638189569	8.204509767858791	87.46962240959814	9.865954760845476	1190.222961102201	34.71923224551214	538.2268203508166	8.319547673247223	177.8527865300445	7.360409740945302	
39633240000037513	18.74973629519079	3.236613402495783	64.11737911746926	7.838816036647479	87.2047045930812	8.08720788332421	851.963989511998	23.41428574462245	409.4087840746498	7.384798426488533	154.5269170669089	3.927316298738554	
39628458690613266	26.32858278200957	4.061207453589779	77.08874015062571	11.33364636251711	118.6268132014288	13.49184606174286	1010.772633444337	35.41857133650731	628.7176236007961	15.97000887786118	236.8388150359223	9.599493449061093	
39628474532499075	33.23917640216948	5.7013760098882	136.3621154409029	16.8775783217981	184.9429844480692	21.4692302857593	1609.29207316797	66.99906493643778	742.7645191986173	25.10158227207222	250.4989276467862	12.73408197694161	
39628526432814793	25.72505384735265	5.006834222037221	354.7932850755448	25.13099715159121	630.1390660462181	38.43885619317524	1967.454010470617	65.05331606998769	1286.109388298207	31.31121449018355	416.417302059413	10.82451694158992	
39632984877301804	37.76709856041353	5.392504359694689	176.8890246642557	17.91813827401047	254.0058526494282	25.35099210315589	2039.921256650351	71.28473131950405	1099.432874505187	24.57776132507881	327.2201231875638	9.90665521582344	
39632989805612901	71.87305332231384	6.567826663410192	121.2186402805104	14.03054476864122	175.0951731803887	16.30657616021236	2910.925573486715	126.0224354775953	1530.606043581308	34.86858465772607	501.1635828725966	12.771870233579	
39633071351269714	55.68403343840743	4.756988444000053	56.22811110318614	10.83161122396052	93.87884383046251	14.26739382578676	2075.718964275493	67.94963523467912	731.5193260737872	20.21880934259921	282.6305941953152	7.958303695698752	
39633108202425738	16.27644734685797	2.71206772963019	126.4796154118416	8.500099176025156	179.3599140867002	10.34615858875077	1011.599529824357	35.01124899709061	656.5215508588574	12.37648932685828	189.4738065668601	6.871828548574319	
39633165580502932	32.28092503945697	4.360709650463479	217.9732006480431	17.57360288826915	331.1674352464162	20.69789739294661	1721.051979318332	75.74306098873265	1058.469526373253	27.33245922252657	369.1326467390548	13.71643054411008	
39633126015632236	24.32675166897178	4.72215251577595	82.4246903317216	9.963550081406485	130.1342209658069	14.00009288316968	858.4030920374365	30.75319376630039	659.198662464969	22.04981203304837	218.649873680145	9.847399205066061	
39633450432464710	20.71299351956688	3.579585932603237	207.9245645873559	18.22026285470809	260.9524405220837	24.23930259243575	1563.114111193427	79.1626487354154	915.1947643357802	28.25947893275838	266.8502243694789	11.83282886569867	
39633467549420907	38.37467775261785	5.76488510664081	79.78968086041785	19.34306603326331	96.47882281818057	17.22288933754392	1618.347057825172	71.17454953293488	815.4142150568766	20.44029959506437	264.3704703122796	12.5329181359426	
39633493667352616	29.02855287800463	3.722573981860564	72.81767595295572	13.18513129245563	76.259341809983	11.42335846907526	1139.570881192774	33.52020547131061	499.358305954033	11.04798167319134	171.3301279993395	4.628048710535742	
39633497442225298	21.98353150119096	3.074741826464235	132.9312922535627	10.24060170087751	176.2517258521443	14.55708910927268	1402.059873484714	54.90902907327231	781.4527956321178	18.18869192323083	227.716674889726	9.260611078977805	
39633530703055259	29.34276188921234	4.699717276224259	132.3553558135307	8.545775345114773	163.045860585059	9.73954995275348	1960.776116302971	78.811669112556	852.0054243791366	14.83212591857908	285.774625454895	12.4519101277531	
39627818681766392	7.162487549851114	1.235117568025987	99.19253492095962	7.036378910092155	115.3315841874926	8.781633500355316	542.9115355548233	27.56989840793422	356.5764176460055	10.75697913305621	117.5518191990524	7.279439128996317	
39627854933134807	23.64244342225721	4.112576118859816	118.1291000533384	17.33594453554969	152.3335660504497	21.78805146432877	1119.921774599764	55.82270598332068	533.1917153270672	12.57193808706951	194.5066771841712	8.902651794117052	
39627933383394074	27.71149287501126	3.735450975028775	202.3532565766012	18.94916093951297	280.9042187176435	26.07563470659071	1782.214311884508	106.9843405043944	1155.423324140035	29.38529340153505	313.478352565566	20.4430035763141	
39627981349454285	19.84469982011787	3.960547733718796	138.7438338307471	12.41474280661994	174.155536564382	14.59173706962257	876.7870022229305	30.31399367317641	537.6848905857714	15.9196959473733	175.5470064353702	6.619040136701157	
39628141236322982	18.52654545887852	3.473268406600709	116.2761638494627	9.375166679903163	171.0592166915766	11.09275374915718	917.613722800417	32.80405703849627	583.602628984011	14.79017774227509	205.7727423683136	6.068543036683166	
39628135611761831	25.93322600483146	4.50365472726117	95.95326694579322	10.94392632743681	131.5169039570599	12.15855215504166	1095.912613425256	33.55823894397467	525.5196091341853	13.38935440008092	178.4759748620639	9.742648105167666	
39628205325288751	23.72271437562367	4.207169945071938	112.0017590949098	13.64078651172606	138.5098145228819	15.71463013003743	1014.320707530885	44.16925810339587	499.6047468535574	16.95425711394097	180.0304910784164	11.63200292248374	
39628222605821523	58.84095113068323	5.329346923877131	123.4715574842473	15.47930368339152	175.3706917053574	18.93789625152663	2249.626977184887	99.59364367104068	1225.344136689368	35.29642921247429	415.6399969614173	12.70294506233697	
39628251219365235	22.0779899994956	2.823810997321533	181.3378564388948	14.32019846956042	250.9852640894382	16.18487872555799	1968.34873453694	84.82690521546667	975.8204986306657	27.96569647300239	339.4565604256803	10.25235815858066	
39628368689238280	33.0745947022017	5.845764679474091	193.3974626801578	13.85862532006355	232.5446715200779	18.48248146728753	2268.998324097665	99.64710022987657	1183.649942078565	29.38632983730228	357.5279252183551	12.3963112431765	
39628486733728539	37.92611123989021	4.260576738041944	139.4889653316893	11.11269947916552	164.3804988365765	11.37027329167343	1973.969058603694	75.64771756469538	877.8844020319912	19.27225814365963	273.6907756484355	11.46708923612344	
39628507453587793	21.77764983577259	2.754031549987646	234.0840621921425	14.90340112238823	324.2591262188035	20.31974244443724	1566.025951319938	104.7344973999712	1024.895048772042	31.87517605796092	327.0166962546877	15.54764301587987	
39628517616387250	46.71926308662369	4.340430765998486	65.6075855752453	11.04199840392584	83.75225617596232	12.45031838817268	1482.999841744771	67.03716358995034	789.365486153949	24.36373880237381	284.6676584178629	14.43770422905988	
39628517662525350	27.24308029041466	4.103430326131389	88.95556457535687	6.160320417781479	113.4589511634022	8.14800342717687	1613.788310909131	72.28596583667438	735.8409853089948	18.9992808595357	231.4064260243451	8.119167505271653	
39628302272433100	28.15196795560294	3.898775383449046	206.5819573089175	20.25885863724463	324.5199900912216	27.7617015951664	1757.184721154023	57.85870785350936	963.6504145312222	25.62766349062682	338.3835873064157	11.04039438567097	
39628428713922059	27.78044876279634	4.953138469936739	160.2546883463058	12.26834517453068	199.2338847806221	15.03782053450469	1635.21854409068	61.84889262311516	827.3748074144816	20.37788006777921	277.0793692591421	7.00374407890017	
39628476382185079	25.28357707383247	4.287194087868349	104.4151375394742	8.670204286729355	134.9657026237088	10.2505513523375	999.3304955987047	34.13215196067983	559.7275884317868	14.14208455790371	181.0775760661129	6.129579714150383	
39633006503135232	34.0905300163905	4.588245531908037	72.22920939322395	10.54095865246529	91.38155713384332	13.09329411162049	1230.374644345012	56.58112194883707	647.4891096443286	16.23394183138375	230.38097887179	7.133687183484057	
39633030771377775	34.46937345910277	6.208855195676366	96.08621710037066	15.4850503271201	142.570708443163	17.9527742262484	1481.931159676539	44.33313565978598	787.0265971149765	17.44620830615591	275.9357918017281	7.305326200119838	
39633045040402044	30.26221660033088	5.296863405849758	108.0080475172477	18.48451548159021	136.9462700028233	20.85379933015242	1246.778242602417	57.74228666019901	631.3544091929302	14.73384601409519	194.4884801561834	10.76527732128266	
39633082562643764	25.7002030345385	3.004836088303315	105.8214640937066	7.929669993026527	153.9512504587166	10.18524449332326	1618.632212336483	64.72402967377087	763.05214650163	18.61118966829984	262.0874756552789	8.736260983900028	
39633275769064365	32.70826576427064	4.868592138394883	78.8833567352022	10.62293436786844	104.5470882915232	13.85255638860653	1452.019239609934	35.66176881995131	718.646819762877	9.59951552779172	236.8113375862689	6.569554431101046	
39632956607696547	35.60853174732092	6.667037741320089	179.3143277345931	16.11953472897693	235.3007674549312	20.24805765710069	1750.369305159167	74.14232966297482	1048.399097081696	23.17961738907571	323.5696512264936	9.568337692521029	
39632961699579880	19.92524503314636	3.73620049965786	163.1598962713723	11.16952163776192	226.0209269742449	12.67038268297269	1325.45943983764	63.9931757452007	716.8468164055455	20.76162273259344	244.533570868638	9.189043785489096	
39633015898377653	49.82346922637073	5.076612245594924	86.24227410937532	14.64441479493993	88.07741265322817	15.56718948580131	1743.133187434465	52.3578221560579	992.9160103216534	25.42697029166816	320.8340130141596	13.37452580626068	
39637324216140904	22.45465734020331	4.392344352959358	153.1043149064489	16.90225616809463	195.1007150644276	17.98715515143145	1506.538879706435	65.7147324324791	824.6659353415007	21.53518399191467	263.5991830526968	10.43541754369227	
39632951247375978	15.11581958263432	2.702073596476502	144.4717204968693	15.37705773779108	210.4400707179487	19.68462691262244	806.2565152062512	35.52961913371571	523.7695759174109	10.54888973007793	188.1319339581909	8.498315588969472	
39632961405979510	21.76830640707509	2.779771799034081	199.4108224896854	16.40519412236442	295.499036738821	22.49047758735476	1662.12434067159	75.79933272436605	917.3107292489533	27.88252999874759	295.0302899907808	13.25906898021707	
39633072727003294	34.57500049672494	5.350403419949648	110.3679254490818	16.77461278490111	144.1607129133977	19.48043401392453	1394.040562464943	67.98217709773465	840.3575495127029	22.1305585061744	274.245739990134	12.28201549152899	
39633081971245279	37.10832288712295	3.426582992576991	219.2975267855765	11.84928880053887	290.5780314628129	15.56889544635989	2303.644328209392	105.2588648941444	1182.179105837758	27.77796146536469	383.1479747905076	9.37491248041731	
39633109414579617	25.96679377059509	4.897141016263828	84.86368487626952	6.982673791379897	125.465899265309	8.391349601341886	1383.305480557819	51.6683977805827	635.5196921064656	14.47898222915672	222.154712148723	7.705109083144605	
39633077131018885	23.46621548722741	3.913744597735189	227.1717659498009	15.71668529711672	256.1903901156846	17.86340799966563	1660.796724578211	83.7001289846231	864.9623940149603	28.71548364534264	298.8740577728206	9.9490275217644	
39633329040918049	29.21866926796953	3.91087992422964	227.2848241098307	20.76416917413898	297.1649800599804	25.68932563354232	2266.196844052442	89.96653196109659	1155.572739348701	26.14595456560853	385.2439315430463	11.80298946162718	
39633345826521472	16.24580250230155	2.695141578520349	207.3118935067193	13.74602846339035	271.4842362095134	18.23007930334317	1294.287968844566	65.88027097734813	825.7391690263468	23.34395073254606	251.5396584686042	8.428426426560739	
39633416328579483	42.53091152324969	2.680891083850426	103.1323490986588	11.12123319193771	129.0096687324525	13.36663808373797	1330.16832364074	40.86152709252071	1013.501850355554	21.84660226611376	341.5854755848148	10.77309541417123	
39633166729743914	23.19034966302092	4.331227763738965	240.9162182463718	13.57769538227697	302.900381285169	17.4811549274083	1728.755083820628	84.10418334098698	916.4599817224425	32.04150134968913	316.4875227226886	12.24858851559567	
39633200359670520	22.77875260009882	4.382937316788563	198.092760803578	13.65475076155646	242.9239271193278	15.87848633071572	1446.742653455846	55.96855964719607	716.2367148430742	13.37197947465201	253.2324437562573	9.629243729283365	
39633537044844191	23.66690880353834	4.14750206880812	105.505236685527	12.1616053572064	131.4708434658859	13.18766564213526	1159.820834760641	58.47484601629556	536.7098249529785	21.02580986133266	195.0630726701812	7.497908787664446	
39627868501709974	43.41013869199255	5.964519859480731	164.0349029748177	14.50343843567867	211.1026649028205	17.11924085453605	1914.184281875943	101.1561381099662	1021.771172143017	37.51365507582578	351.68624570586	12.33571108687668	
39627886612711346	8.636630234111035	1.224398817547616	65.69977205702787	8.112876410142757	89.94901488820862	9.734915516271204	576.8696064429757	16.81721946923292	329.9680227076983	8.896961681414474	104.3335297454113	3.718532478085273	
39627892635730748	22.26230931656519	4.291251387039502	161.8257474975516	16.06557873402121	207.6033485513882	19.19544738634726	1021.089013802964	49.13211947239028	586.330894365008	16.23871780690249	197.6527237127461	6.592416269656126	
39633136857909308	24.92618894227732	4.78373940388301	126.6817551941347	17.7908607785775	146.2126252092836	21.57813601736804	1469.258324299429	60.91735137074638	752.2105315187707	21.87259936187458	238.5137730867829	13.10980160048634	
39633154360740011	35.42231206891568	6.218736623725036	178.8789530948336	17.04607840631082	226.9070442618183	20.06690534851835	1924.260876772622	73.50205892902713	987.8224197436281	23.69256548973446	330.1879401111572	10.08284339846737	
39633396820871015	19.19620519908685	3.663060422994209	208.4087790972611	11.37516844238327	246.6751524605452	13.25077963212011	1303.235359290635	75.10448058839678	743.7297178691093	24.18933532045116	252.5055588228589	10.57751579947638	
39633411354134809	28.45958406987556	4.54348857457637	165.014793510436	14.48571796318792	180.8990186747304	16.59117520360602	1736.25713612994	77.22438325942552	868.5787145146287	19.2433218444795	309.5331225104865	22.33255155505829	
39633446435294245	67.59554997476802	4.914800907705921	231.1923523118045	17.97384484024994	261.6172593768358	20.72607383863403	3800.209228040835	183.0904478628197	1692.854379804853	76.93127934678722	525.8331642250625	20.38494035021	
39627574376140045	26.38716101122762	3.964880775344054	139.1379773848584	11.57200633923772	166.2533255674483	13.19280607136916	1542.264342427465	103.8056846939845	811.4218839512255	26.14628620961653	258.6843502707412	10.56562382576897	
39627730710431158	18.30643227273033	3.602566576961086	129.2873550890231	12.08771170217624	168.8184485659368	12.56159711307942	648.195460905771	21.09451419408922	508.6979939534343	12.03324614488007	160.3983747274849	4.527101836503059	
39627712884641698	30.99469295799829	5.541117653673682	157.8420140544388	15.0041248969601	198.8991624927679	17.99926901528748	1020.206202057762	31.01033841013746	735.3526505567577	14.84406898367216	260.5807073609207	11.10933207906834	
39627797479559477	24.27776278229185	4.242589677501137	115.0040931467297	15.28276982189875	195.7159910384289	21.85561053872047	989.526496431439	53.9021774791045	554.4823239084274	17.88767377380331	181.8020697188792	10.67987102899711	
39627797521504412	27.03721938321583	4.155392955821719	73.44983344260118	9.815804824789044	90.08007339073087	11.62018677344035	1330.506938941963	43.38482008728646	601.9487172773637	12.71930363242151	198.0813605312407	13.45064680149403	
39627833613490811	14.95774070624199	2.904162166651728	109.4528741184406	11.94870259928444	118.5460245588478	13.58333295337757	643.8243157155927	21.65509833784372	375.316563717819	11.88604148552579	127.6095009433227	4.638935228091015	
39627845449813855	26.95506602785711	4.979736554733145	249.6410132372916	14.66797003062475	272.258744653209	18.29006321250531	2400.285447935164	134.4661883748943	1236.466747838894	41.84416335615215	382.9360269655542	15.67498788719987	
39627851242145792	28.14461800656303	4.91972627458326	133.847595904825	14.7246965596387	192.3807384095337	20.93882772111969	1536.213933735698	85.71528815949853	816.5840416907358	25.1691031106971	263.3371150362424	11.14824298967935	
39627839468738502	45.8571025265164	3.571511725210665	143.4467443344199	16.21839441848484	181.1093618236561	19.2355130988641	2154.754644591934	82.15996842763097	1099.729642648459	25.13823676937312	352.3541490726436	13.64464134210539	
39627845525311551	13.68470559792851	2.453290349060668	127.876389737769	9.330384897704326	162.9232127086637	11.62543041593356	845.0841146003047	19.11925095855712	473.6559119329223	9.750812908685777	166.9684365733473	6.164049491007505	
39627905877151860	34.73683797038937	4.430217897927886	140.5670918215338	12.90934387493574	175.602730497198	16.50799628097804	2006.453336756363	121.1682712527422	1053.319454129091	33.1289917492262	337.586211987828	12.93571430515471	
39627597516115281	15.00851029059424	2.273028436990361	96.82038066416462	12.12273003818444	117.6232238407688	13.63419496364531	864.6121027998232	32.99119975267453	458.7916942358698	11.54334509517522	150.1471976475706	7.842655069505001	
39636465713416354	29.22712135501298	5.199215043729546	160.6757614709288	12.86384785708454	234.7099466633233	17.46207645768994	1685.073671095667	40.92717841175151	890.2916060202181	12.24918005628137	304.1577560638511	7.402939542638681	
39627844418013010	123.301746806767	8.644800003650783	146.2862568245677	17.1439098182179	204.1098740529402	21.81816246754839	4179.162187490164	151.8903475420876	2422.583087595745	59.51051046536418	772.9731614027429	25.21624601290707	
39627935224693288	24.95016987956251	4.366231497252003	92.59479637032302	12.85048606247593	151.0118898242484	13.96940440951	954.3734712844338	31.66601962276144	598.6280791671297	10.03060442126347	210.4519331525027	4.506061811754254	
39628348804040372	24.28601467912234	4.202434888784016	100.7927537972819	11.13183608107981	117.278565287568	12.44693639474876	1231.453018627195	57.99604470347842	625.4005062313358	15.57462072146892	202.3837224843085	9.228955928900724	
39628376377395247	50.78572021287716	6.02226673972146	139.9985014529728	15.42492716063814	162.6720792901258	17.22180461445831	2700.29888739838	114.5311596916307	1157.070074805343	27.97789974271776	366.4403101349286	10.75957911685105	
39628370589257049	50.94803707445008	5.759466264941179	113.5226842437875	11.57294671086674	131.3130357217993	12.00859400374852	2357.997938185993	78.29208534642136	1133.994230376587	27.14804746386167	371.2907541738664	6.87320527860176	
39628493905988802	60.70752544420306	8.437708885227142	81.73507928510753	22.4380102136812	119.253853484374	25.70565121104734	1897.113078044995	112.8616712949677	1061.07511810029	31.55414385891746	364.0554073507304	10.83153587394478	
39627811022968386	70.18464053751077	5.845345452005637	376.0605881638847	29.88138725255485	479.6761118908484	41.07395950730753	4025.790128098547	286.0673195446138	2094.015315046095	77.58323737607137	683.5818428596136	34.44077550333749	
39627985577313566	25.57580049748945	4.623718489288263	94.26447631821664	16.62463350886185	130.5100208787691	24.19965099530013	959.2524600534653	58.02261012221999	510.352223410432	13.36221083910916	162.8954809882247	10.20928260740779	
39627386630702670	35.92366777523391	4.31756031272613	234.7288863516349	11.43696391945369	316.0062705489212	13.10889517292581	1865.681914476191	97.53575764072696	991.0844450721528	32.89149461180323	335.7519822049773	11.15411493399274	
39627640839079002	23.01109098779276	2.765224106748182	151.6788954974016	8.902936424095289	191.0950228071471	10.89285300667813	1390.813423208875	56.21110668922315	781.0801365100301	15.52730439635974	247.2991530252535	5.920476527882672	
39627731415073011	37.57697530502028	5.707945959933467	171.9762127903736	17.43495406822836	220.4106230370604	20.01158230288024	1509.346427536447	65.42036868299404	1009.258099884274	27.53875702547095	363.2612952980427	9.52132293778208	
39627625022359482	34.04756896949258	5.391441901161818	113.5813297683838	15.7633607443069	154.9519930152359	18.4541039047619	1329.05628490929	54.32850872034848	659.6734535401379	13.6192782193859	235.3194632603903	8.643581564166682	
39627577249237818	31.9956854232729	4.727643041787079	172.0698972020105	15.79269367234235	205.4676420767015	19.91961654646997	1718.139380292615	76.49446210875539	883.5730526352235	27.8396043864299	303.3451123597396	12.05506865399786	
39627607217540768	20.57586279241137	3.342067887508687	193.0556654810239	13.38205631500472	234.3517612431808	15.42149835426059	1506.377938291851	78.34818129088121	819.4210555311662	23.42499379417893	266.0428211687862	10.40523370149638	
39627661328255344	48.67897505003803	4.332114798298575	104.1266527695741	12.25663800537048	142.0675835583841	13.2516085419135	2635.192101754093	104.7373989384785	992.8233603351194	24.7143477751793	335.3429963572559	8.580055896481115	
39627764168394074	25.5283863842776	3.087844047487866	241.0057670699864	16.5593077864152	290.2078854097049	20.92506684192602	1691.001856489	49.30708927418591	898.9140859140097	19.29120456403509	281.5531732354442	9.805916955654988	
39627782430395649	39.41909398636133	2.223442363281094	217.6817890825688	21.48736102562198	384.4216018860426	36.28494298867451	2453.128355547085	95.07109705239439	1460.258502885203	44.28063995340376	432.3754069623497	17.48983000638179	
39627794325440376	14.93905765052243	2.55970478060611	311.7344982041351	19.04896190612325	397.8949929195448	28.31761034499034	1347.998233943661	84.59914741682356	944.8113142910522	27.72159952259419	300.8342665617893	14.10097903604235	
39627794514185644	20.38106567131436	3.144408854611789	120.3393252908377	12.66158209029081	177.9462867412235	16.7119359002639	1290.471069460398	41.90899577229307	708.8187638566598	11.27437095741347	216.1856544039289	6.687047950499169	
39627806505701300	25.53613525622744	3.342127726301051	119.8297011467572	12.22826129376624	173.1343712467985	15.4780136938765	1532.781596498826	84.61350827438136	786.512972019013	26.23586982707553	260.4851269061192	14.26635396055754	
39627625102052988	23.20955746528155	3.003402162583018	57.65512834564443	6.625041594311537	67.0069206310863	7.233461168127058	1005.626878309586	23.91749494435951	531.1097163781108	11.63185976681728	168.2255356739836	5.140724708038659	
39627739610743712	36.11035267592345	5.569006560585336	142.806471085267	13.46819679753905	170.3772807730084	16.09680904331786	1906.294782124074	74.72195660973438	801.8863881607546	23.09606803181323	283.2947171029124	7.284868030928128	
39627842467665152	40.66639020365849	5.851113289259438	181.7986275457496	16.3573592802906	199.5209014332519	16.40158637573165	1332.029367400432	51.45612577969027	766.9744761112778	17.01440971022863	243.3233486076458	11.8127936780174	
39627908800580850	32.02588181136981	5.489744178483132	130.6691841539729	15.84848624772389	162.7062681349911	18.25273788662359	1624.315670071461	71.03623114817995	861.0973243369368	30.66764263422289	277.111236019484	14.05132953318026	
39627920850817390	45.77773655455432	6.602692460895691	293.6814072629488	25.43977721397308	370.0936277325679	32.72795467591315	2461.568728608863	129.8222115957507	1257.960991221775	41.28454221931098	398.4534936717022	21.24870967763797	
39627926869643247	44.04762533557878	3.93958905587566	70.12812150584013	11.84023691719386	94.01364088317595	13.25101638043501	1267.999064858428	53.46569018801375	875.6731645924749	20.9441170863044	310.0445950727288	10.72012708723501	
39627932846524964	20.39472123842692	2.939436576904126	144.8929069603604	12.92116857306811	173.9516329596211	16.87975679203874	910.2958367441331	31.52666491620118	638.9392587812083	17.91040772609827	201.3370734792949	10.06635229256637	
39627980858724684	12.07654156600123	2.232895037968838	135.9444114208833	11.05695383864962	140.5658573577333	13.24148713842549	952.8024035585051	55.38980177927533	507.5528859149527	14.43989106080379	168.1036482688241	11.29172855650725	
39627980984549547	85.01229718992765	7.231734397762442	119.4033611620671	15.13222694342615	184.8728260963138	19.53344511866491	3473.447091872652	123.0785892987599	1486.13128244797	29.57395384948758	511.923107247531	14.64506247554258	
39627998839703581	72.11592844998579	4.718674795768767	83.40163301826661	11.74011097394666	114.9802874617334	14.9437903258259	2506.404778420279	122.7987590566023	1517.984787146115	50.34925156694581	483.442657970619	20.1192718435266	
39627630667894593	27.84623484290943	5.162339321636535	115.108941470092	13.55020441790351	177.4630601855465	16.19603466066742	1126.301729106613	43.70196212445188	675.429904930546	10.38333870775481	207.6360655302786	7.150902245587577	
39627678646534709	24.57667208048354	4.67932925128236	132.9265415796964	12.73006115907661	160.301927007046	15.08568011352935	1478.582889317178	79.72102164691606	755.0192100205392	20.03153677274675	245.5815403385997	9.761542956163415	
39627654873222516	17.57405104446646	3.25272333246305	110.9767215326418	8.940228836502857	154.4414046789037	11.03904854063694	1098.642838121787	43.00646722764366	556.6803040053436	11.74426481870528	182.7651105504358	6.791807877171226	
39627678902387467	32.17142505190361	5.970864872440472	300.057585608551	15.27018760583256	404.5430565229469	17.87406919690475	2025.073084195948	53.27728011234201	1166.822700160902	21.7879025938624	405.1415072455707	7.618935238668853	
39627715183119902	25.2957275458512	3.361315513305597	95.09709649315519	12.39957774782392	127.3804566175092	12.99920601389199	993.8643597998412	43.46490603890972	543.2312940968459	13.66590572600451	187.3814482185091	9.919826976269507	
39627769335778173	22.91712942750697	3.361182451352556	117.7672067372817	14.99745683836037	172.2948688014168	19.21308991078518	887.4731266383359	33.84217005696795	580.7217815993395	15.7353593744245	190.9311413528135	9.619579971672852	
39627781650253909	19.49590422347579	1.054680058507599	86.20940182063914	3.879932828909912	121.5941840661151	4.889799764968508	759.7388778523605	33.50293944476981	435.2975801530046	11.47541792767429	148.84014303753	5.318341188642814	
39627878219911843	26.58101835704497	4.239562680571468	102.9819906160089	11.44818424104256	138.7876536353256	13.48788646188729	1066.383363017781	38.33804294410049	633.8209489657647	17.6305471672536	211.4697988549684	8.243812720971237	
39627902253271459	47.56877419961647	5.380325757050742	50.85394559872397	8.225217092569059	78.83745877779494	10.31829706950539	1657.201001405652	55.02792617524512	988.6234208974106	16.84782428672834	323.4837451524434	9.15054429772566	
39627908213375571	21.2618580462296	3.103992288334504	140.3413062626078	14.53184427247219	178.2559660507326	17.00320472912079	1512.204495790011	80.89523868803843	744.039229487161	23.06227953577957	251.4887036317165	11.94337725817411	
39627648468520717	22.69818434381875	3.030890643604781	179.9178290633119	17.05005885529565	195.4275818582099	19.71057125864406	1613.332688483034	80.23030534980275	856.0019688153917	23.23648805345747	275.0528427395259	12.65052117820106	
39627720769933187	5.095302689994221	0.9111936091518968	67.78720325660422	4.232439050325301	83.57768373742628	5.28874667253027	267.2163899314152	11.69062152953999	201.5630300252088	6.64539879509997	61.63038017960278	2.086571435727693	
39627744820073296	23.90522707688913	3.645999975013931	148.2781332543065	12.53417410684482	177.6356553986846	15.50058213736772	1572.310324265486	79.01562898952155	663.5101049441392	25.24889770586404	255.5538684446856	9.430244131140409	
39627781247599145	21.89278019880496	4.154113916643888	122.6983797492139	10.14650178728362	149.4434653349456	11.48079008425774	2061.175624819609	92.47907510407407	1004.884257392706	32.8465572562106	306.7740087249398	7.856038986388689	
39627931906999142	27.35731083491156	3.648751124827629	182.9993463936145	13.1455971404505	251.26684161468	15.65446742630014	1372.418468166127	49.28757908726633	983.3268934526963	20.5348659436717	297.4163173939731	10.72857956241004	
39627926156611174	17.77525203340267	2.893704338923974	105.4221279111521	15.951452642608	121.4242511568349	16.31574029581709	963.9334522380171	49.3251420151445	502.0225769461738	11.81592467289982	184.2652081812364	5.583181280453713	
39628039893550091	55.48671149460259	5.839464953467994	158.8450146630642	19.57571928918005	196.3198643366939	24.73670406317266	2552.61079625587	115.2300255097748	1356.681239678449	44.63250121220138	445.1705199444201	16.56460138144062	
39627747680586365	13.10626654657082	2.148610889396219	194.4744306997042	17.66702716285175	300.5254525356449	26.05987873277934	1210.147045124057	61.67471745166286	897.3617726394443	33.15750096153373	280.3336887231031	12.80765503018395	
39627843101001176	16.19805964210716	3.176528877698422	131.0135870749037	8.445429138299183	188.1056301574352	10.26015252841521	1044.145140072807	39.01872417477708	605.0115016385038	14.5907371353238	184.5939178944424	12.17003369545015	
39627891423579679	55.75908578585918	5.636970765795089	91.28672045972401	13.01523533531863	135.1275643681359	15.01490919825137	1944.482334948793	59.56897434640236	1166.654215031821	20.88065643407258	387.420933160379	9.900930721867752	
39627933526002765	28.60221032591037	4.59388836479944	156.6753777502399	14.35856960291224	200.6899214969143	16.55524197539582	1109.670584898856	40.91535507031445	725.8977461685246	17.14893426514222	242.2748504709443	9.496686839107047	
39627879503368344	32.18740352533123	5.492580101377039	344.2438403819217	26.55426492233733	441.9373017499689	33.81708975120504	2325.13434382283	116.2876976192423	1425.462691698733	47.50158607165006	442.252718331428	14.96223682826916	
39627915536634149	47.81048998297895	4.603196030057481	219.9067400818301	20.98496188376606	306.2118959967636	26.52838412763221	2485.719300222509	108.3884627955472	1544.18986519549	38.91647978070333	505.3723538049888	16.4222044683663	
39628005563175409	24.63659818865999	3.311489367885093	156.9833821357207	16.85845320499414	193.6876858296782	18.96367077512422	1826.486799462258	71.21898416613611	859.5586599805142	26.00825883732799	279.4919266488169	18.5432378156567	
39628059183155223	29.45123582285933	5.70257175205115	209.9937698663084	15.63721401773888	279.5692178803621	21.25772192808469	1555.125462528923	65.74994565487161	841.2126063833277	20.21328346317818	293.3156254789161	14.81327623781447	
39628065101318244	43.62136440047901	3.913830687615339	195.0474820167918	13.37680389712879	234.617406083369	15.82966032304822	2188.506982758654	125.6618546376162	1170.917222533678	41.97990890756559	371.6679570998675	17.62172803786781	
39628106469740766	35.92202137064023	5.231965903606506	75.60934920412929	13.58401754285231	91.09857887542799	14.21321889274645	1417.153616914927	59.9158317057892	681.833207189249	14.14785374820572	245.3601063952344	9.542235275274216	
39628147515196200	23.47852879962335	3.879009485026943	122.5941695454634	10.01982209057527	158.7027804675752	13.3845260835003	1763.050831783097	92.66689798764229	805.093451742581	24.72170257061715	274.9000629331443	13.39434697765918	
39628170915224310	21.83691921849863	4.18790749769348	79.52132757170827	16.74945095743049	88.40567756851357	17.11064866842771	793.0927314651449	21.57129412443643	487.8776496783968	11.21409523147304	176.2814030473999	7.089368162790877	
39628296983418841	16.60464915733701	3.180150461498032	137.9690186491938	18.11008877627897	171.7438026116222	22.39809610527374	1319.454697578646	65.01764266599041	643.5747975092371	20.38506532314475	194.4742982862172	7.527734582002719	
39628347004685875	20.58324705793328	3.978956126162871	191.9408671542099	22.37288817494452	236.0351248754109	28.24890960391237	1396.770130735844	58.07956705950227	920.1481821006531	24.83761186706119	282.0636655021225	15.80141794483088	
39628347034047736	31.09972439929538	4.990208102347381	161.0194913272846	20.58849357063258	173.8703380297895	23.53169189428679	1679.318513184409	123.2908779547549	832.7074919534541	34.79745530532254	264.9407319466019	19.51293278320967	
39628374569649217	22.02454386111688	3.010192458260765	218.0622988873179	20.63558991266282	299.8833656965088	27.46919250635581	1566.341299801181	68.31094232850214	837.8783576288091	27.6575082666078	295.8881309146274	14.19791773165044	
39632936848331834	54.33619159422053	5.452658325813527	128.4819363451988	17.94705400194022	195.2980324071352	21.64318564919514	2043.596219950279	99.15690502230755	1201.688443022303	46.15358439968701	379.5626966352154	17.89047313888975	
39632957119398951	37.09528382363474	5.259099875264447	131.8543109672997	16.01954509414375	155.929627652524	19.63723390780204	1909.923577062973	101.4617054372595	846.3967999056268	19.46067067826332	270.5084328565005	13.19196522482819	
39627392267850041	35.22990295584806	5.078482388394646	118.6649775623775	9.266615153762384	135.4590424560097	10.20525480923983	1155.775722276368	26.93481784294586	661.7169547507896	12.94344220127098	230.2078464989373	3.986296860757943	
39627398014050498	41.35287503842489	4.708226040667438	130.9085611399708	12.96563020605581	194.3001582039016	15.95658999181854	2054.856092663574	97.71207846641283	980.22866527113	30.26150520645139	349.1931459173195	15.84335404225198	
39627521389499048	30.70707670772051	5.976527369030786	173.1102890732893	14.45426072979566	206.0078637525673	17.80691061624682	1140.894485572496	46.44100785859522	736.7835104728599	19.83280003452249	240.0328541592301	11.46379597865707	
39627713035633103	25.43342909211931	4.857674719260936	148.3096437212649	12.52068105432072	185.953830595227	15.42154839606877	1275.207718565924	41.08615399096722	648.7435020747182	15.32288637056364	221.9402661128436	9.1668579614022	
2706323758120961	13.21623598437945	2.077751704348985	172.4689761389924	14.08727818263737	229.8034980335286	15.56821274507906	903.2496703406925	41.77490476413193	569.0368319406651	14.32817736429765	187.8144557914216	6.812589594136835	
2706472983068672	16.2277296326757	1.670539443345008	55.06230017117987	5.627400061273473	74.73762725935829	6.702993856190907	645.3094317441281	35.7779243260248	409.8140375473011	14.47784432861528	142.1490217722676	6.650776005854818	
2706798091960320	31.2128198479376	2.64382076898847	40.29471759679036	8.970048880175042	49.9644500672098	10.24358696984908	872.7207507938414	38.65919601054555	635.8934570787844	15.45316108326954	218.1726425880755	7.882546820356558	
2715229192454144	8.109497050486546	1.257778101007616	29.25070609949393	2.992705719721604	39.90611809262936	3.55578800685362	376.7388295023321	19.27365909266544	180.686290375299	4.512120808874701	65.98806043204985	3.948258497030516	
2706648825069568	33.89488373045935	3.195155342792306	191.5836375573501	15.05278534322631	243.2793643333326	15.91949439405664	1454.495503673382	48.36861988336272	946.5499454334833	23.20531419760071	315.6535959903335	12.66210910520788	
2715557128306688	10.24892701311967	1.548452437262759	65.93085701111995	5.92175859661221	90.63716575607063	7.409166606511418	436.5424599550946	18.64986397827417	258.4084735348467	5.86580883347942	89.20348609396854	2.67038790319369	
2707225562841088	11.41633211931733	1.480470896182098	47.55533855455641	4.8942529144788	71.61702632822056	6.250706983178323	483.7704357968316	19.47409194355238	268.8491311315435	7.646681054746697	94.1159260348237	3.907749850265793	
2706458403667969	14.65338367593501	1.933757134007611	193.8902735056256	10.91030398755533	255.2173872299717	12.82784464522829	1075.293235512596	39.9773475644584	724.4273161609927	16.69791216840001	223.3655975914649	9.340782416168349	
2715032479596546	9.969569980107746	1.50065848270378	27.03064121068554	5.035339899970023	28.91096774877765	5.936030129531661	395.5649046815545	19.26934681851818	208.6474964200773	4.768417744054902	71.68126251815346	2.469898663295734	
2706957949468673	12.39399974055898	1.426802248474609	278.6040701448903	16.74797263331496	309.0057455375554	20.40611209501894	1307.575709166872	69.09205270291102	941.5532667357671	31.9513128330147	287.6457377387408	13.7893278313408	
39632971472310193	8.226059129950576	1.427834594942663	43.0665211729836	4.803316165587362	64.08766029918394	5.775789063735668	461.5391231523173	18.64510653179711	245.6151748416215	4.945572397336612	75.66445926012769	3.223494292109231	
2707055848718336	15.2128212067068	2.29838723908364	84.10844237256035	9.931801920719703	110.6550475229634	11.28234295929868	906.8844810095737	40.18104663491066	424.6482205421634	11.38503012836675	158.9695327643682	7.467157636803362	
2706988005851136	10.80889044678256	1.694710800577812	70.14793554701095	9.082779712689197	97.8866948610588	11.14808858392794	453.4047442486724	16.03239303991736	296.628201061328	8.930512934917257	104.7126487558707	5.27114053231064	
39632971652663773	13.16459606270862	1.826727732494904	17.81905726378914	2.496101892848492	29.44441077462694	2.961793615564001	367.914466265563	18.17911080210935	173.7402858524293	4.090340645974984	58.05519458706902	2.6942380379956	
2707065617252352	10.82644273268829	1.985559607150303	127.2706485177297	11.12020002052611	172.8487966318639	14.44360164259797	674.8245506623878	42.6384575479706	459.5091874832641	17.13548220578155	141.157768723773	8.289291640004166	
2705920509345792	11.78112377037432	2.090202303992455	123.7221994706161	10.43445387004743	179.7506886428085	13.71875845888055	646.8205362076606	15.65398199388318	426.5398005967441	6.629346890951116	146.9924485843185	5.507019220737729	
39628184194384716	8.360471224121614	1.306864870694572	61.63816889458072	8.036295400886976	77.73119412761	9.038569425500889	473.9418332850848	20.35301176216235	293.1190798722662	8.863939222162388	90.14500170311418	3.890094146946432	
2706466251210752	17.76609959403359	1.139994146147359	82.4396698709843	8.670418358255262	113.6411240573632	10.88591486868915	667.9302821425213	33.67511185360229	548.3642401440128	19.76611228750884	161.9953204932663	8.019479087361473	
39627794237359479	10.13884127342342	1.210417337410153	39.22259422550163	3.733233574113259	43.03495672949155	3.90924627313801	461.0628033666828	18.87233163890145	226.2837367112495	4.743487939211462	75.40881881193181	2.857644312088025	
2706150722109440	7.24472944581047	1.330382356037904	64.00821171255357	6.231224249509025	88.38679347492877	8.875450346400811	469.4263383839004	16.97570034086047	228.6155405481487	5.618215512978733	84.02334885804996	2.866599083717836	
2706259492995072	19.01183860198676	2.092750664697946	69.27053050111803	8.593205682612933	89.55779800647471	9.727070067436212	877.1448304250056	42.28069333933276	480.6610978097067	11.15430365264549	168.3162362352242	3.495697267205287	
2706265591513088	13.29764284081525	1.501626445372506	91.24970209443029	7.858477419734749	123.8908653344852	8.732464287679747	560.9501930153302	19.9965505799983	367.8578411677398	8.467342514838347	125.0107813571157	3.683778519170877	
2714898735824897	9.947049039249503	1.85798995153408	82.79587332117464	6.346694602873097	91.56326227371022	7.489168900448359	1013.081248417102	56.31813982033887	535.928711921005	13.02038286049669	142.1991083906561	6.753613639807623	
39627787568416898	10.81714110009232	1.427508728169414	51.87196666250242	5.079787921204281	64.60954982207816	5.370654536834151	453.7612154631346	13.36676390132762	235.3774386001075	3.978441589791368	80.36365352225815	2.589146128765696	
39627793683710493	5.909470382901936	1.176887116264909	41.56426265113977	2.822321256905108	63.80741518274532	3.828448240485558	280.4714073129621	12.55656919588176	142.4324662582668	4.980524939784874	54.94292864470587	2.399893119645718	
2706084112367616	13.37259367705078	1.719148637291819	63.52949968846661	8.032952156321455	85.90481958148075	8.817620116595158	541.0862955190404	17.40413856132393	435.4131764016283	10.37524622294563	151.5508548770941	4.620051395467544	
2706301503143936	13.37518679408349	2.106459376998295	44.86941620716094	5.083917674076855	71.62805020666337	6.26501144774204	403.8932659406933	8.823693231768036	304.6245414838156	7.989977999818993	114.8735496985873	3.554004394279589	
39627720769933187	5.095302689994221	0.9111936091518968	67.78720325660422	4.232439050325301	83.57768373742628	5.28874667253027	267.2163899314152	11.69062152953999	201.5630300252088	6.64539879509997	61.63038017960278	2.086571435727693	
2706271450955776	22.78950048234773	3.495124504912481	181.5243184157313	15.03838935311325	278.0118127863163	20.76821818649608	1478.529513394797	56.03510485051603	916.2691166583805	19.82104495827797	298.8783244618442	12.5390012976518	
39627865888657808	9.765209645262392	1.568110794086001	20.23316166608141	2.936793304381243	26.5125303299395	3.347853164024021	383.770933649856	24.46555536381976	187.3973117522232	7.262457371857786	56.26852467833664	3.452455906583067	
39627462107205199	8.91857509765733	1.434476063690076	39.05955494180697	4.249179330420374	48.95359735607898	4.752255574146546	412.3009745171786	14.98994353191462	255.24150992248	6.38396634435488	88.71976692647976	2.818891826286877	
39627714457506654	6.21819199733066	1.000953418908981	70.09351557928859	5.39374892297602	103.1746145221981	6.802546811116998	400.6931808146349	18.31693262069401	260.9897005602471	8.139201353552373	86.429875336353	3.253757706598726	
39628043798450773	7.661056292048738	1.156602939326652	17.53774264190372	2.717781462162305	21.84191831637626	2.961911848511393	393.2730395521377	17.24056198258841	163.2686629872146	4.220784137341236	51.6535946313148	3.497099388288007	
39628079374534394	13.66908787386871	2.32809370540997	142.9217447202489	11.96467431352403	195.9961748036997	15.35553010913833	1009.453483628249	72.59812807112823	586.3334723395739	24.20601271062802	198.1673065254445	9.635475549912078	
39628382178120192	8.338221599029165	1.595250591775424	29.55366748163323	2.778245753113666	35.70938612230072	3.162606662658745	237.1675093494904	7.685309208571619	123.1691850741881	2.872265852760119	43.71103356575763	1.756943371725945	
39628430626525060	6.222375177952777	1.04886493297931	68.72051592052999	4.235332706647357	72.91619466404521	4.992004140661165	502.4223753189867	22.84471494560864	286.7401482953024	8.408299633949024	90.72934313177952	3.801745012733268	
39627901741567811	11.58429574868529	1.913387493330707	28.98798814919311	4.489044982526603	37.6583364558881	5.174785986650787	432.9100627686207	17.04540664513489	213.2563890573294	5.137421827478759	80.90281068402223	4.644657353004998	
39628416072287529	11.01464268203655	2.135875745503825	53.72613616289578	4.890076127704218	66.53030492984304	5.326822187072764	665.1303163510984	28.93871004029901	310.6284097353508	8.685603120252088	107.8970143581713	3.804913901097972	
39633247893719617	4.835331423989648	0.9622622751106097	19.76774893939726	2.399660273163433	23.2662246997966	2.532537833041675	277.9055883228237	5.929536301510144	117.9537618467465	2.325237256473881	35.78840677851671	2.009803947837746	
39627818681766392	7.162487549851114	1.235117568025987	99.19253492095962	7.036378910092155	115.3315841874926	8.781633500355316	542.9115355548233	27.56989840793422	356.5764176460055	10.75697913305621	117.5518191990524	7.279439128996317	
39627957236403131	12.98551329366295	1.334047346157133	60.58839845382315	4.577925267668506	75.56697534043538	4.90853085928492	571.2248783259597	24.25999250743593	322.1858126313406	7.074703338318061	105.2161319283299	3.415998154774348	
39627981181683987	6.609993227584583	1.204779052431197	34.15671290776218	2.885816409729995	51.42041502838183	3.779261814114805	465.9617618585196	15.9782221034212	201.9135318580449	4.69726019457318	72.72653657088776	1.794138576408647	
39628082646092405	10.70736910802552	1.26154574709058	32.17312450588314	4.318305577656777	48.30855294854792	5.286196268498062	506.6455365799162	15.18180138589694	235.4436650493342	4.40025335298544	74.67603262405844	2.303990718753902	
39628385139295478	4.871860910421598	0.5863084501254223	51.63917573371211	4.484754106244564	76.0411123438074	5.274454606773268	454.0523438285045	24.26925931272341	232.3078568152792	7.949784432002061	77.35802510236931	3.706410807159531	
39628512709051495	7.24033741060243	1.368737701976535	15.20596186973369	3.071215870744846	19.55628998039695	3.72184785981819	342.5736105387383	15.22937900590761	161.0687170564152	4.966746965660519	50.57836180616712	2.687298413491998	
39628307901188958	9.476555284605553	1.697787294216284	40.75873397985246	4.132783699263179	52.12004463265291	4.880211909611934	530.9928407437851	26.49063105601206	289.3868211242316	8.464054621474386	84.42416394657381	3.928939117187109	
39628513019433881	7.849997526989982	1.284387979489565	95.73314568038721	6.980163475906719	118.9667132170199	7.784797370052127	931.9711613048313	41.61940840960796	522.1489120176908	16.66381532926698	150.0370084410516	6.854830112908912	
39633077911161187	10.6826873943557	1.26109897397981	58.51663788291961	4.599274762495294	74.65570250246952	5.483838381358812	843.8851740841134	61.20977115803606	401.4589766792652	18.16423961230389	130.1826468365416	7.920968368473289	
39633158471159660	10.75599164732194	1.334523081112851	151.4111165775562	15.01491230378202	93.41177809654663	14.57443062177593	905.408120856933	16.21682454025217	458.28019001517	6.155264654544232	153.041013870402	2.983466529054631	
39633001256061748	8.406025108530754	1.633766553937889	69.15960135402723	6.07214915790188	90.41594694800327	7.665309385423533	556.4583575352159	15.00596867315516	308.6453456402895	5.463354417450451	105.9134172991777	3.532489671075449	
39632986253033541	6.809754545856531	1.31890405242734	19.19581655443572	1.723883072421319	27.96628071226264	1.764924763697894	365.743998342549	14.09370335695097	169.2846284201161	4.360215231801044	48.46886101905525	2.324901902288225	
39633049306006549	7.742687184835064	1.058044315927101	88.55401725883577	5.671696780988895	113.0304974742926	7.313008967876792	382.6869212814739	22.09590243808811	256.8898998189576	12.10354305826522	86.97674192036227	4.276131442935685	
39633053634527571	6.534224067763125	1.101277648893848	11.95854403097257	2.197998900638808	18.12062206952967	2.813840305670271	170.2860419445776	6.069676913491587	85.40738062701428	2.593181501753281	28.54783811025737	2.130055745668676	
39627886612711346	8.636630234111035	1.224398817547616	65.69977205702787	8.112876410142757	89.94901488820862	9.734915516271204	576.8696064429757	16.81721946923292	329.9680227076983	8.896961681414474	104.3335297454113	3.718532478085273	
39633114628101083	9.57287930983259	1.896890941414889	126.3746451214457	8.525024920713825	143.0006767373976	10.54597762689623	683.9045957215468	32.31210022802675	476.8006974156066	15.42078913484431	139.1151461079939	5.960853251714073	
39627568453781087	8.685515259370439	1.565824939170533	83.7414117947902	8.124898111871266	102.2736960986011	10.45533691063885	879.7667345806456	24.6098335700111	429.9999667980648	6.990568357701484	139.5768133917276	2.532938785584884	
39627965750841040	5.994718193128533	1.006891256691457	101.9605625048485	6.514411169724257	111.5592951481492	7.62494621694918	459.4194422222535	22.57439089419411	266.0559032213298	6.828526430687829	92.53928852822553	3.38809288786657	
39627923811995783	7.404996126347339	1.021211001631895	30.07942380771274	3.143926041859671	38.80071936414813	3.302795806718782	452.6331703723286	19.28423026168494	220.3411351500935	6.133339469315686	66.59523525042285	3.524500200248462	
39628019488260987	9.465390249264141	1.245455991646563	37.31701424298511	3.41610519838923	57.59995756613411	4.33700804139309	474.9994649844404	18.40776582592374	221.8305647448602	5.422121730307497	79.55441795291581	3.237875994140257	
39628184194384716	8.360471224121614	1.306864870694572	61.63816889458072	8.036295400886976	77.73119412761	9.038569425500889	473.9418332850848	20.35301176216235	293.1190798722662	8.863939222162388	90.14500170311418	3.890094146946432	
39628201533639143	8.51169100326346	1.329675457093533	114.0639171919784	8.615943631427532	152.7652038261256	11.37984316908921	767.7833890535318	33.56238690315962	503.1696970660077	12.92981897688791	151.966380635755	5.911636812438511	
39628073036940353	9.331710051000893	0.9114259422661448	69.62491533421563	6.310164204792749	86.87895600014944	7.520148713696936	678.1555238692105	33.34537991794416	352.902138118079	11.00906013897513	110.2240368687698	4.937032876597161	
39637150043476394	11.71097408888008	2.107645947149281	33.79893560117836	3.895644378567116	47.87824307943661	4.629002315257431	762.3649745511457	34.42246459003891	304.5282333240697	7.261504204419196	102.8350763952004	3.998250909121777	
39627798943368118	11.93814692852365	1.545758217365455	98.73909927973001	5.911017449521982	105.0108602930652	6.959345214753247	844.0841652789808	49.61404336744783	476.9175635243716	17.58417149722276	141.6739048214832	7.733962169309601	
39627841230342585	7.46787610038893	0.8710671255617403	26.86092742617805	2.496211608675887	37.76974396378311	2.941055859940009	380.1845647908787	16.50333253286012	173.7376511683268	5.816589363151197	58.32537242248454	2.27082502295322	
39627745872842895	6.801793108669672	1.061539361289574	64.66770361927722	4.442790219200258	82.86156528474454	4.991061308102875	589.2349771087227	24.95492436766505	329.4917863453977	8.398258595838715	101.8264242791467	5.458891872223021	
39627794237359479	10.13884127342342	1.210417337410153	39.22259422550163	3.733233574113259	43.03495672949155	3.90924627313801	461.0628033666828	18.87233163890145	226.2837367112495	4.743487939211462	75.40881881193181	2.857644312088025	
39627872796675035	9.623885979370556	1.346829273792203	36.44735200887585	4.728652745657935	56.28139213441417	6.081020152244044	459.6464628837317	19.18771262364121	253.9061935787683	5.159812883664646	87.8016209579347	3.025121674965789	
39627891008342872	13.15843794147496	2.078503988858287	79.53946905323092	6.180441547423124	97.55677242099094	6.912845146502042	819.3594540272711	35.74982319764425	390.2330403104389	11.79326960376592	130.7193523459153	5.186027206345354	
39627769889424510	9.498703472020306	1.518356615672238	39.40153877656606	4.074963849628119	54.525194310713	4.698595138257676	475.812023983631	23.80051007432122	271.1938708643276	9.036587323508845	91.07805444687698	3.975841919211843	
39627896616126036	12.99713242152707	1.702475364057225	33.71215153341702	4.609970718072254	47.87747192012033	5.37718969784027	562.7150232884507	18.70045201345179	275.7557920209733	6.790014731832925	85.68658239944668	3.96240043005812	
39627800197464984	4.682733310629366	0.7457898301927284	65.92506728271145	7.972067558146369	76.777752079036	7.981478365973809	269.7922039543238	10.02238758055216	178.7704785987895	6.109984900566491	62.18508160774996	3.649040613464667	
39627890685383006	15.07142625814473	2.546997181930598	44.76791005750462	4.51319337096885	53.31490597510063	5.068038655584788	706.2767489400286	29.87530819011591	333.6989501422175	8.06382224035305	102.7688249881917	3.653822955467958	
39627703103522277	14.28783354086972	2.281886740639628	96.97840847778042	6.550045958039188	113.3133495631472	7.768819760179589	1066.975492748997	54.06942075579658	523.3310424145981	13.43657380419102	157.9065989463208	6.36071356648862	
39627739254229426	10.6291322307292	1.716474897985363	58.72807260658764	3.30722186894033	77.87477386033059	3.719338302951598	505.5140639192426	20.85473164776337	257.0303633310212	5.925878463238336	86.73025559331224	2.686718420285882	
39627757281351280	19.08739875637973	1.901700244612412	148.9163151834398	8.859600479253222	179.8921181127963	10.14091915359203	1605.902416100717	87.75442603435343	745.6074670913808	23.67796262147125	234.335891672819	9.847172038277598	
39627787568416898	10.81714110009232	1.427508728169414	51.87196666250242	5.079787921204281	64.60954982207816	5.370654536834151	453.7612154631346	13.36676390132762	235.3774386001075	3.978441589791368	80.36365352225815	2.589146128765696	
39627829939274953	7.774216599125484	1.158281771814061	81.0810191583536	5.590314492270146	102.1694328941481	7.033686925006895	846.852241024299	32.70898827919407	438.9423347592046	12.40262585283207	142.7132261162384	5.743505386027958	
39627720769933187	5.095302689994221	0.9111936091518968	67.78720325660422	4.232439050325301	83.57768373742628	5.28874667253027	267.2163899314152	11.69062152953999	201.5630300252088	6.64539879509997	61.63038017960278	2.086571435727693	
39627726683899289	5.285379345998351	0.9569421698828315	73.28452599471191	4.506857456816096	109.5335965777695	5.97977603870403	422.0913720083547	9.774891051016489	312.289736934635	13.68950530107874	88.53943000779206	3.172999631630178	
39627726860060217	11.83205162708467	1.165608845549452	49.62891662898441	4.187441146679884	56.05078029202864	4.631804915691969	599.0104069853787	27.29146319990542	308.1587757100604	11.36005418253358	84.332890640921	5.291395809996216	
39627726864255694	7.740384709011374	1.396596541774989	67.5267841729147	6.902934335910366	80.82778772968386	7.79495180826916	487.5206723340671	21.16562679748144	272.7822284712979	7.663335881894168	89.68847280880186	3.460056146495671	
39627744799098756	14.95897964790919	1.773080470887378	19.28988853217207	3.148448218623616	25.5763681611292	3.858050440975815	644.2012067699951	27.9840583765668	299.7986307900023	9.891123523702873	96.80419612175167	3.356434901741612	
39627847635043586	7.549165731701194	0.5800472984336248	81.34416523204267	3.222332882697051	124.2064383690862	4.795690279248761	647.2533863441906	18.9993956149574	355.6372539067317	5.97623164546106	114.7214806930187	2.951730005241779	
39627842077591499	9.935413486528818	1.327217010899676	78.22301128902971	5.086415017053363	97.92957218859851	7.127323696039557	681.6371741293615	20.05666213885221	355.3079944003255	7.554925591176623	111.952837155186	3.231397329668767	
39627914379004562	6.964004650508383	1.094608275266822	12.86005112835619	2.966875360705343	13.22991356491455	3.401544176252518	210.5669757436582	8.306244815645055	113.3535256842931	3.165647511281285	38.06445787017555	2.040873565478962	
39627932578089826	9.261793105748154	1.284512158650496	81.3133655871694	6.356441083898845	113.0317118325827	8.426631805322511	565.201137457941	14.64016372911739	364.3770858001381	5.95094787861346	115.4977341737333	3.341637970595968	
39628400586916598	10.77818838245164	1.146628194997416	58.67930307369306	5.198819231927893	82.39430127158909	6.64835479311771	546.2045309324975	19.66667834160974	312.3080703477977	10.42606733295277	95.90308863047514	4.361495119111033	
39627849014971291	5.474851585554385	1.082706812108208	67.42341383913534	4.89025241006079	93.83962139493218	6.369353075344937	507.0157706595443	16.58944248358704	291.6649385554243	6.205103120354687	93.31499437661567	3.029920087252814	
39627897413044775	14.32847735686342	1.898132115747451	50.667407289667	5.11761352883643	63.7112492401622	5.615206595303153	816.6298902485689	40.06945271177371	392.884067649108	11.67587180711245	123.5752182318847	3.818902253858884	
39627915389832467	10.63601037152604	0.9207524618190457	18.97371395885984	3.1428675160651	25.70670687512854	3.763062905044895	456.908705627708	23.09392235228662	219.3685145112807	6.198010463449816	71.6601686102614	2.426342042069563	
39627879478202659	9.912585017259923	1.617430652362276	48.9628190412378	4.998701374312278	53.3961442855495	5.274696535667434	627.6247816001338	22.11735686595886	302.6169442896333	5.599952257520759	93.46355277468942	4.093842270639469	
39628053193688090	5.00864420517856	0.9377113781922529	94.29446023020405	6.649949848297241	120.2869106695792	8.23876291923104	418.8057839354718	18.8660439853349	304.0450349059089	6.659575471944935	95.16641279206748	2.413747279550256	
39628513107514848	10.84897625697921	1.859377025732864	84.91308363251268	6.395933584912404	106.7157791131063	7.088712068935525	653.3336360950718	34.87069336834143	308.41678536983	14.31567257878632	113.8656418353295	7.552115451419702	
39627592797523736	7.440516145261634	1.410113789160491	35.01639663155851	3.57437954138214	51.34914594416293	4.067237121146913	466.1011087960787	18.16128813641609	251.233921734866	6.33590532314701	79.79005747418117	2.766930867609777	
39627598820544483	8.730906617503695	1.057937526532824	59.91908080773153	4.125940125416355	90.0158860316038	5.204749486552376	668.57075329081	26.72131662351074	301.7805080204008	6.920803480773045	104.9796159629077	3.599485687496793	
39627700993788988	8.842323435687272	1.411683769276441	14.39668584178208	2.528695954025712	22.77596415729302	3.255634455014271	380.3110241590252	16.48658040425563	168.318810869175	4.068056200221264	54.16060811397053	2.835125547112944	
39627726570651705	8.881644765926534	1.754472662693082	83.49605082861885	7.416433833497774	99.12000519220793	9.154943994032935	722.7580631326217	31.22227490645149	396.6751193838761	11.62336470848258	133.288319249249	4.697056995786891	
39627655770800466	8.035960041455562	0.9324979114973524	62.04926564913477	4.981241038443811	87.35821649976435	7.298728936907271	503.4194393879021	18.66676469675157	300.1141333093776	8.578377888810879	92.14380391576057	3.994630601307369	
39633096529675147	32.68091285471191	4.176989018928039	63.97483758475254	10.95867322414743	92.4905085965169	14.0311499894082	1468.854292919296	67.37821959567259	609.1684420775478	15.51881317174637	218.8829341414211	13.03836046130513	
39628534695595474	44.21840129307856	7.603279532950392	433.6633923661255	29.90825734691112	629.9760182572584	43.86555747569001	2016.610112241213	81.86673846853432	1582.512505299822	47.43315145683401	553.5754183838083	17.29056572022742	
39627865951568761	10.00570532680607	1.365084795157554	528.0423134289538	28.70798989317774	659.3933101639474	38.90088162785896	1351.606243856078	42.37249842448176	1508.493935149351	23.19005274051179	462.1555391039885	11.39972031313733	
39627670476036638	33.84285672489796	5.491850342642476	142.0163738717636	15.45234095526339	168.351524751828	16.8275705530165	1223.41744520902	45.96446450870656	829.535682441727	15.25828897572068	278.3412483213719	11.12155632459478	
39627893189378116	27.62123457556206	4.60640042346739	246.3805412537253	23.00161578921584	304.0864541839303	22.66191067109353	1816.181299035331	44.50542022741292	986.1680377202309	17.6984165505235	343.6340110523697	9.395326847440106	
39628335940108943	39.32627327020098	6.366578088436083	156.8102516599482	14.79664994422962	204.9767370667488	14.99433465168697	2158.203952975659	79.19026089691494	1187.416827363355	19.6820076809671	361.0739770706564	9.660588994170277	
39627689358787935	36.09383886599191	4.321201675325844	297.838077172224	39.10254953352838	376.2934461582052	46.31065221711989	2518.486034671834	97.74863689477624	1399.61514206961	33.04650198914571	453.6450798882553	15.1385812730776	
39627827473026824	36.14756019856971	6.596737576828026	256.3253258548193	31.11943041445276	313.8866258791792	34.88743305454896	1771.338505921775	90.90756038845265	1050.833696755844	27.58763467915806	360.7085338194025	14.17701119103855	
39633090884142161	22.63988249250184	3.576580266426321	96.7586014225295	10.33151859877883	115.8810064593472	10.17568645348295	1058.913038442633	42.03730434500967	573.3321941599775	9.702788468782757	207.9189829195095	7.211486206002548	
39628112417261133	151.8078250861812	8.449654516143047	561.6844280967348	65.05725468612147	704.6868645176312	74.3906225764708	6071.734617868479	254.8476696835961	3622.413733569217	125.8287786403297	1109.39945904464	44.38712221529122	
39628129538411742	40.61037138573928	5.393383380652895	388.7000207661401	32.34505310587343	479.3568714831875	34.23947854153309	2248.406884195016	71.86158494471033	1286.302855639164	37.32334745845655	430.9479735847547	11.5929090429709	
39628459705635840	24.47985884576046	4.405991043880789	125.811648584493	14.30914762581599	161.0910585529223	18.18479859702019	1160.057652117818	34.5391775147971	568.5236664547473	13.34723863756323	210.5248003749406	12.03878367745687	
39632941168459827	34.89603881439592	5.625879025737974	163.330884413686	15.50960439848518	175.0324755142751	17.0783172567846	1301.910245068148	52.29177309257496	682.4912885187819	18.97865525107259	247.9257780399681	10.61370061806458	
39627667305138478	29.70504364614779	5.755113067361282	142.045906156619	15.15321865332221	194.935945123297	17.90345015415757	1030.671005181651	35.34992319982327	597.9913097533655	13.42518246632786	214.437348333509	7.913882794597899	
39632930829503026	28.56485384724261	3.708074361196922	191.1792421220219	18.85282582203468	262.5487523048466	21.4109621056696	1188.98117419535	35.76235515111451	731.0855326203548	13.70289918502405	247.9354157676985	13.76088491863761	
39633043979241962	39.96620327182537	6.172053311644374	237.2842518400303	24.69571006228989	339.267288210007	36.58149191574709	1534.591401908734	59.84358467692958	1043.20462211141	24.38170221227925	357.0680465227747	14.9747444698445	
39627827556918168	36.32160494027067	5.853644530784116	252.5154456219823	12.69173310792928	329.3695043979048	15.27932031396805	2390.511296838872	74.83463941098873	1335.19666641479	31.63804120638529	426.0767090817778	11.06887926074999	
39627866882706808	31.45400579014974	4.691269833910868	457.9181988038356	32.65523647710122	636.9468379395373	42.30582009043115	1963.014959907091	77.99604154493547	1332.588864565795	39.81176288127469	466.9251671238382	15.2845266746435	
39627642718131146	26.59322425850492	5.042959281939417	428.6644214864812	33.78970073357379	587.1632668679873	47.16343522083937	2369.747427869479	85.40015374510017	1465.622538029212	29.91854798955778	488.9528882309104	21.80353589231662	
39627624149945168	10.70451713439609	1.729102385049581	160.5923590999467	10.2164439054719	211.6990737357926	13.22122077284917	838.88423368334	41.14267269828824	638.4151259248299	16.17502939368026	188.532040146123	6.398431438309456	
39627848494878658	4.206093137804451	0.5930330255208308	102.7282131841418	7.194620720155941	127.6842423340741	8.519757957933143	325.920677031005	10.45516032145871	270.5777644027389	7.258791219376312	87.9313819418233	2.726362591007165	
39627714457506654	6.21819199733066	1.000953418908981	70.09351557928859	5.39374892297602	103.1746145221981	6.802546811116998	400.6931808146349	18.31693262069401	260.9897005602471	8.139201353552373	86.429875336353	3.253757706598726	
39628464021573948	12.9233213695197	1.250329972686863	29.18095986210795	3.153166549594264	37.84659484716292	4.160960765899846	440.8437255435441	22.62992961705173	272.2565010136188	6.576582684706742	86.60157850865454	4.704698416579	
39627845927964294	161.8747776974797	7.254406012838627	939.9030355978291	86.66684601051053	1182.689260701804	107.977010274992	9495.692307609725	559.3607378483144	5348.572069089886	171.2685261286207	1748.603332681083	54.93922290026676	
39627851888072856	33.93166022141385	5.592894608697865	576.4345093478909	45.77660403995148	687.5790255902851	53.36842206543751	3103.584693805255	159.5237350946763	2009.571340027775	66.23261563360734	613.0382808234016	28.71449464917653	
39627851913238168	40.37306598667809	3.374658136368286	256.7521953244513	28.85440343797855	354.7882440780508	34.93669477875059	1725.969554024353	69.9895752825787	1164.634566346439	24.49994928881496	394.3217070423589	18.66365554991404	
39627863980246646	425.5621027008425	15.52651772572661	1719.03867775007	225.3387481769443	1991.254847214608	279.6815278967949	18793.14694889186	1049.001349938051	10401.48438232624	320.4983065923695	3661.684514838219	132.9948235302052	
39627900168701450	38.71090544068504	6.223256203706128	380.3392590802277	26.16522150909847	364.1208111669875	31.85551861223525	3343.753211298019	146.2148265036167	1771.754875311538	52.97733110180786	547.8121885016362	24.042348972976	
39627918246150644	33.10846284168606	6.005800216115972	451.0592174829517	32.8746310243661	562.8755439194929	37.85105175414182	1647.379633419646	58.40407861544133	1172.54012045032	25.93726066068811	400.7388122440966	12.51648402342442	
39628207799928198	26.00096219080778	4.032675720693703	132.0674247196841	13.82052755274179	169.3464994277609	15.47864535943946	1445.962564314886	52.48120465247631	819.2012964876886	17.39299701476164	253.6316918282321	8.965682099249392	
39628462796833936	26.14225122256471	4.91383838234055	295.5603014598261	31.0326068102159	499.6474253387805	49.04844350885691	2233.296607998788	141.8650653679721	1585.850501451029	47.61229590405799	359.8422690143275	38.64730706708109	
39628446929785286	36.74400279695393	5.172243796133829	237.3535122998358	19.22553992970399	297.2824232712134	22.46353980447061	1962.134782942039	89.92338816930351	1078.38359025946	24.87376952405091	364.0765019133159	14.68019511360855	
39628452260742853	24.6781818697279	3.927128484345531	161.8105720155555	26.84562491551828	224.6512022135703	31.5492492432833	1683.543306855704	64.65920622385214	731.1511978200302	15.58834869065067	294.3765280855802	8.622530952694447	
39628468102627592	107.9150203835775	6.610789298878874	248.0023407496985	24.14463692856386	307.3679612134075	26.54302467000581	4527.046904507747	252.6068643570373	2660.078398761778	68.09753855392867	868.0257365560076	26.07752477988347	
39628457348435936	27.26869199219746	4.920776035841804	310.2398698389221	28.96146457586942	385.382551287133	35.84241420426084	1390.55780235851	80.76800359850955	910.3088968308194	34.75359572707757	326.1673151722519	17.66147205119168	
39628483533474732	30.96294802730601	4.716676575066006	226.3724236605898	16.68829968397449	279.0553431850219	19.14053278742427	2538.282695903018	117.2696145687429	1203.09809987808	32.55267489965017	390.5571964674401	10.89438910728588	
39628509689152865	41.1690149329014	4.584837609235156	402.8676036009966	23.33643094912664	411.0396425689357	27.68231961211306	2815.481708512759	115.8058964916619	1534.303206723283	45.1563030965259	470.0095135869229	22.6966015315424	
39627871559356790	121.0035997496097	11.40196683661872	312.2065304017425	47.87438786211295	501.0863152166033	69.29513950157906	5579.309039178524	232.0306156450513	2848.889104053351	63.18428966911149	983.1523398505176	30.74052903249184	
39627871597104658	32.44765511593803	4.700150443433508	250.5738514332396	17.30176621051766	311.8317144826148	21.77263058408786	2659.973257968491	168.6302497528177	1258.172503899364	41.75420152965213	415.3272447126096	17.74303898751236	
39627907722643861	38.23707836442742	6.501400304281189	586.0256279203168	45.0220337592528	581.4846686666046	49.19946323480729	2523.132228241884	101.99577037018	1680.079531937385	35.29713826875108	557.7625484188909	19.33256606894063	
39627943902710662	37.69348498227905	4.706296999125331	599.2094077507348	40.699717382686	664.3856002106229	52.23523717327221	2805.862679585994	139.6130911232971	1776.656193677243	58.45899178076236	580.5059645329364	28.80333103678057	
39627955726453303	33.30624444055312	4.174643927200261	263.6895466677136	26.20419578950598	338.8139872030082	33.27130031220275	1992.24224440939	79.22209214090861	1124.958452189611	22.78678426709914	353.3467671436909	12.01534389908107	
39627955936167522	36.01253094308084	4.069057334656371	875.3664211395961	59.26735728984215	1112.352498717446	84.55795700565473	5014.837255997599	284.2182238022964	3546.256230328315	140.6048180310646	1053.383106483126	52.7604936526372	
39627979646571778	58.6538153275333	5.085185171166945	171.4930466606548	18.80040788879847	212.2589197939394	20.90756113903356	2472.542319510598	151.3328983002692	1275.935951606406	33.80843670682366	362.6194274439687	19.08853138205517	
39628003726067775	57.53170424043729	5.940982640319055	140.9148526847453	18.87075555581997	192.3604953323823	21.65580774722774	2894.826447853722	156.9985015558468	1183.402187647077	25.52629780050778	386.173393834754	17.58371413906527	
39628039448954854	32.21073092983679	4.419850050072716	192.0274628352037	12.13742106994969	274.8364966794215	14.86122716373632	2030.326590468119	73.2938351637755	1000.128754691165	21.38372270251539	330.7376964581514	10.82113555114558	
39628039646087781	48.74882681245883	7.282778795088878	287.7536216661794	35.48381560533593	411.7714680868098	41.85225817564849	2542.499077091069	113.6150942036243	1325.689967348888	39.00273235814126	448.203933677809	20.02357807949269	
39628039260212415	55.23921154745834	7.624476197455801	856.9037380831459	62.13471306778017	1254.98623244967	95.37899527961679	4998.412456585195	207.1352278175324	3270.485773978705	82.81052476621934	1102.380428636829	33.2071992473949	
39628226485556068	26.66569545846126	4.784961073654391	114.7321081358981	14.35707767204536	163.7862515019855	15.90277810182612	1052.631260329754	35.69846668610516	567.7151360930434	9.180107720101406	216.2484066869425	9.156518110981475	
39628232282082916	138.551687688477	9.146268735045007	208.7994418033185	28.27068613016779	282.9107410067775	38.20591110792338	4657.941123743145	247.8008478294045	2167.121120290302	64.14453403955535	842.2130703401783	26.96886568595016	
39628255124261399	32.52430569419468	4.345297561034581	369.881674194739	23.22211567208704	427.4854790348527	29.80938914887137	2767.21407843739	128.7655650354771	1678.064854253324	45.22070979765007	496.7522837436512	17.49636616851544	
39628272081832713	107.5107479971416	4.720143768640719	308.8052276741203	29.75693468236116	415.2919917330588	36.75507999308969	3903.795898048778	201.4979360172048	2161.603784179805	63.8568474542584	770.0169260047463	21.5934423048707	
39628272195079347	54.26608181994533	8.088557705256271	811.0675910265558	53.40366938327191	1250.936141657068	80.29483757441064	5096.517924422975	182.217687875485	3560.893625759072	83.57178793733968	1030.031486251398	31.61956462899547	
39628344911730116	186.2012522441815	10.00913426794958	267.3541780684795	26.87206416849208	356.4388765514258	30.59811286251722	7662.542363850838	433.2680530413371	3009.603290452965	97.2497952016388	999.3512435388424	29.12514120404203	
39628367024098142	41.39427384532829	5.148124323893339	257.5377588890701	22.10630203947139	377.2686863539765	28.27595935223733	1916.673388891787	47.4869615668591	1442.410183094247	34.98146334869709	530.3799257063033	9.513156455579468	
39628377992200437	66.26531653102211	9.107302015508616	309.627177900553	22.13237903005367	406.2648173352364	24.4089259070691	3987.870771490956	197.4563657372229	1970.48293096794	62.74220597970582	608.0061992413183	13.33775035508822	
39628394417098116	43.39122500051982	6.740841558906078	506.8598959339586	48.306161347627	674.3737423426004	61.57724923730697	3053.50562896861	150.8528336459093	1904.127922118829	32.70868769773288	590.7650948965801	21.17958548299301	
39628399940997813	35.76979787487659	6.338984892862397	397.5436656329659	35.43271665932242	503.2636898054517	49.92465088960141	1517.589760322429	87.8623063143516	939.9042061743303	37.4836054593171	286.3311676983346	14.41174541751226	
39632929780927376	18.19836933442178	2.790544075483733	244.9864048741201	17.63008900069434	260.1272300592257	20.86182099600888	1640.200307987213	62.16487087254654	1007.643266581077	24.93190989378899	280.7389694635536	10.98229353012153	
39632929806092981	30.98707267969801	5.106808306514171	257.5277794221307	18.16288566509217	354.6209309432551	25.23104652645136	1947.41231423	117.2385293717226	1196.58054351847	43.07328022644973	373.9493214537853	16.89581858577209	
39628506371459621	18.72998644294787	3.72686396939554	314.3575260387879	16.69608801648677	407.7468307843521	18.72221897816416	1505.988927472	41.14045070496461	1033.077153825932	19.6075119047553	350.1047946600347	10.51775771490666	
39628516764946793	186.5059893669972	7.777266359766396	139.9159842508095	23.21110892437985	216.5077299800425	29.47601818044033	6307.043203977618	365.0020975593721	2943.717008890703	81.8303004039591	997.85446206327	24.64098589708893	
39628521919746035	33.9130084767265	5.196284514476649	165.8901570970835	19.86764388750272	176.2972793938041	18.84154319211878	2319.570648164805	248.5817014593475	1121.629060510876	84.03977707674629	340.8395890488788	25.97678354843251	
39632930313602781	16.07005496513781	2.731106379583519	122.3594508242109	7.713315473813938	142.2648237956006	8.796655251209419	711.9414870142539	16.39346182212175	461.949088299416	9.565629962026888	156.4935998619069	2.680332523730239	
39633019748745767	26.21146734675262	5.106780953648386	429.714254947322	35.29567796234462	559.0081894737483	49.48720077777641	1648.778408627371	74.97641892136195	1117.652125201706	36.85052293662273	376.9520734451403	14.04110341243754	
39632970721526318	33.7542305696746	5.144611168356743	161.8980034161888	17.38410749974769	236.3836699988115	25.02275745322222	1633.994716237603	60.14109346355245	882.6140359219787	26.34731077047866	296.9771971408135	9.413301029842062	
39633005341313597	104.8549747227198	9.667075935157847	524.5530783700011	53.22764724178936	528.3722773736669	58.1668298436113	5640.87881280759	484.710552028111	3153.997670174528	154.5023831196169	987.0052129186586	42.16938174520584	
39633139982664764	30.75117004210519	4.043307649770451	200.2957333514977	16.43709410072076	257.3604967906933	17.78270997248464	1554.627025478801	94.5576383904228	1028.918983023029	29.46002717214846	331.5121525587171	10.13344241741222	
39633170311678690	30.32103473827372	3.993425758749024	347.9815740660783	22.56503806514698	457.40574035772	25.28449873347688	1682.649715333444	70.60109592270057	1167.320773334631	33.85108609037277	384.8345598385663	11.53681837032522	
39633224237844025	57.5861171722249	4.975672760153428	145.9572522337588	20.3141755040324	193.1049469346709	21.61124163433879	3319.955363817382	177.6193431059701	1453.971082808475	34.84933229139794	492.8622608396668	11.80526946816987	
39633240146838265	54.03018950255573	3.632888080608229	287.7328112830955	22.9424352099503	378.0550082006874	28.6421247618065	3321.936307828791	174.7056384631641	1828.495242074865	59.40608847316376	568.2476491294091	20.73500815114862	
39632965369597266	49.93563942186325	4.516011392238145	515.5528066914201	41.45355726302687	688.4966644345601	48.97797409528704	4409.850205836069	228.8688537595648	2324.366092785471	79.59461421950905	783.5161233160158	21.52386833023759	
39632990292149813	34.94588692930243	6.892685357160648	293.6382331271145	18.01642843346306	401.3751492895393	21.8748511761601	2057.728241254356	98.32754148297975	1386.410650809113	50.1174354625248	436.7914901807227	15.60368100337366	
39633043509478748	94.58757256989483	5.890178508608712	884.7412088929146	81.52351436332003	1124.083937876443	118.9171890350738	7737.659447778538	579.1805719258243	4653.970635114218	219.7522376609779	1472.803409328665	63.3792558980252	
39633053005384898	46.45460494201617	6.129487923282441	162.0372097214506	19.63125437730032	247.5403126883893	22.4937455770289	2270.668695897132	85.91298514238119	1125.245442892147	27.5281266704756	381.8855629168539	15.41299980979342	
39633076413794319	89.23436964309464	5.644705376520536	145.4706846729975	19.71672840575325	177.6115191042412	22.15377128653668	3171.907860759351	96.34852233316691	1598.149603527164	33.80295349968211	559.4134030702438	15.08596585003172	
39633076417987079	17.37333163340821	3.147403391692921	274.4505170448008	22.33432917101575	357.4482548483681	25.10386937646873	1346.034213739727	44.07326623207473	851.3578076388332	19.17604196092761	318.4317011064691	6.331342860729035	
39633081086249804	74.82143081398085	5.516113370600674	160.5851500777529	19.38039992741339	259.9757879108536	23.6263438783049	2415.384622446856	95.71620174546284	1577.673914976628	50.95039982507246	575.0639860611577	10.72920843032612	
39633099444717436	138.3812589982703	7.970564361420924	289.6384345848075	27.00819970488843	370.6561580413392	30.96775928955077	6466.589492276625	356.8738028319806	3171.831961856603	84.93472446821758	951.9783908772935	24.02243424795653	
39633130927162497	34.92188033352258	5.657283114717206	874.3810297366247	58.07743460332094	1107.54651083266	75.45098423729274	4561.943839631831	195.734236014144	3401.503088397078	96.84693946551681	1111.904564681839	28.49979458619585	
39633170164877647	28.31976384917457	4.172276521806349	160.5688814709953	11.72248154820736	221.0886355773948	13.05162282906395	1527.840281156344	52.41162470586205	737.3435509849041	17.83651670572087	269.9994751478707	6.048959667564424	
39633195301340487	53.21862030346172	5.667783384247269	727.5356858720183	45.01366073331909	912.5925070299239	58.76197863637208	4403.072856440283	231.9501787519764	2774.115484330506	52.58051056823698	863.1892270149425	33.8749689081461	
39633227924638407	51.71853034691483	6.525332133137784	257.2236033847033	33.67853164397123	355.0202723228866	39.07828817872672	2816.455924144842	140.1879028226049	1304.509733737127	30.53382049493556	457.2965877559166	12.85198878892388	
39633232005696119	26.0818392866879	4.365553922394471	96.82725645846534	20.31550214241681	122.7155887186602	22.42212661311525	887.5962461058041	53.13809908819081	465.5429077251157	16.23679734427531	181.0230659534953	7.430682199761512	
39633244030763713	35.38734794863574	5.216431918826599	219.3730458029432	21.03809502955304	284.733365794211	21.34097355423415	1870.644085610931	59.45358876141038	1104.28290398446	37.31313666268233	394.2956606018072	9.50141088900635	
39633259558079954	31.63311201257605	3.779568528235798	200.2143596685213	11.51325651794502	256.2076555320015	14.77348931293077	1908.009503142227	59.10297192056087	1036.745338112317	20.68731666484535	341.3372521769017	8.996529293822423	
39633263328758733	28.79477995913168	3.677449872811414	136.2761291559239	16.63899646143295	171.2774609220512	19.56108801362463	1615.055199111782	94.02560475789025	798.8787034220827	19.33633888603981	273.8924026024469	7.922348756012662	
39633274678544368	29.75674827200637	4.852352271492572	187.8737972933788	11.71475325986143	237.8047908116274	13.50120635652645	1165.162755808891	39.31327325216535	813.7887885967757	20.74361807374448	290.1015986358241	8.636520882464763	
39633285751505596	16.410369417236	2.78466235390031	192.7434928349172	8.70766685766466	246.0269481060248	9.280390900081082	1070.232986711806	36.39473766729876	653.9103514171312	14.19682865462927	214.8342094455398	8.091578949588808	
39633293213174015	55.05660318374481	5.47899174433065	250.5373213384871	15.25914557440356	295.2621070612585	19.02934072608666	3156.104169057165	171.6487359008021	1576.870981309341	55.8648300630308	492.5984500897218	18.04165769324396	
39633300574175885	57.1923708843448	7.460701709135636	1465.828123017001	91.49763978323521	1862.635597045899	124.3181810677822	6580.283792361932	452.5249464593858	5232.868059198777	217.8485034686624	1664.097192668319	67.87227862131692	
39633325123437744	30.84041918377163	4.229289947287376	176.2775330496637	14.98353756615366	194.6232272763094	21.62264548078604	2015.603926017504	98.42866351948864	969.0916499108682	21.33020581487493	300.331645335728	7.936274348100162	
39633328785064994	46.5906930495233	6.381783727526082	349.9914036249162	23.42654493418744	423.8742310416935	24.60473184902792	2128.395114945642	99.52179684285554	1182.33293691495	32.91011163728757	449.7948774235086	8.839689959667185	
39633348930309221	71.13658617584493	4.57547611301359	518.6073619255579	41.04521071941016	707.4060355148763	56.59676062197546	3868.086334343153	223.3133986292446	2095.22754004375	73.57450991324423	765.561043715785	31.55513134461197	
39633365090961695	41.18854410783876	6.559626816178745	401.2899026975636	38.02794084270427	511.531572863521	49.74667130581045	2806.208382933769	99.2853008575412	1768.484202597167	50.06933431734441	594.5071185636925	13.30000497538203	
39633365237761946	27.1781496611824	4.575627486095331	171.6716932372378	17.13560101701664	219.9233599774319	21.55109432170256	1776.743292533477	93.1744380856211	875.5432150380033	32.05866481868971	273.9764379256648	11.45220363824438	
39633401891785284	69.05049873398511	6.677852211114439	665.6864814708536	78.5623647374463	680.3982347949591	90.90397445879495	5252.495990065698	487.5798512677541	3051.770331643733	188.6538827291672	986.3698898501822	69.08844333603669	
39628339354275543	52.72136634844569	7.144931377710715	185.688914819313	23.22237391338571	261.6420590324315	29.4806951988761	2542.786461757232	119.9292507234941	1144.554428439073	30.27282269666463	376.9527678662137	11.79005550995539	
39628388796733880	35.7375244160671	5.784695735008055	215.2950885014563	27.21210958325389	231.850751461694	27.17486178648674	1513.063190238716	91.10068444685795	887.3407558618654	23.10179035044262	313.1828895802965	11.18790935644056	
39628410527419367	81.07919651448114	4.833222638409872	302.2017861893671	26.19812596945978	398.6771562316289	29.41830715669435	4043.258556558704	191.8663459193911	1971.896936952438	55.03722016753873	671.6205998086856	21.35493844212376	
39628410636469579	288.8473926231923	8.065702712639384	734.5408548291659	80.25751616419554	883.1920069563461	102.7925433355812	12116.02411945885	985.8065099917895	6654.98039504903	290.0414075708817	1965.000511148512	68.55399348662097	
39628432157444065	51.70916051188103	6.348966629494724	805.5571569034997	45.83185831436047	1024.4922855888	59.41350910253698	3819.362021735588	234.624334350134	2557.486602392668	95.41793882978476	799.4585199603441	30.58628559462265	
39628474528306449	54.31870051034831	5.557902211570773	382.4601485126907	25.87135442553115	524.2084139277872	34.44027815516423	2344.58264624482	149.5482817152516	1369.465883494758	54.39157667823599	471.9791313306661	18.89050308852751	
39628516148380783	100.6100255218456	7.846772060122325	158.5728898632551	17.38630140235763	191.3414446237279	19.52198036138607	4722.910855136033	147.3009951790308	1768.088659383814	43.24388680681091	599.7179572598883	16.34814278997029	
39628516152579880	37.24878326311981	6.413143850382679	484.2654903279513	44.33308413018554	1144.277781109712	67.03042817871771	3153.771039816397	154.0248781312675	2169.089961887692	85.42167406663864	707.3313059112555	33.20663478861824	
39628521236072952	50.90593169273887	6.114383481659061	246.0263600506842	16.92374153516934	332.0816365544429	20.84393624806015	2366.384966290422	86.00511417761503	1122.162710714885	24.84615201408888	388.2549823161817	8.522534457987296	
39632939734012384	41.0562007385855	6.831402000334171	363.717306079388	22.01488234294645	479.557268901195	26.05998219477537	2439.955671310087	89.41168098574578	1420.355095423809	27.13740042850201	475.5540632484451	13.04860813096206	
39632954904805611	51.17187184853044	8.838049105984545	652.9352815815894	44.37070089455575	808.9480353500775	55.19837736255387	3562.627134873095	176.629359873509	1926.065418501488	69.24440536297918	704.8150120153687	24.81648539188423	
39632999653836503	33.36151134796817	6.641169902811438	458.934369964093	21.10697047333565	623.6487003459779	30.27295048748984	3146.249044017549	104.2425606422494	1945.183182086367	39.26827033395455	595.8009506601264	18.02178157515101	
39633023955633594	54.89267539713376	2.091414684867531	477.2636781875761	25.30248310404365	580.8949372174411	32.11349780642455	3633.154994202439	205.3289665517956	2111.772496247066	63.57753658211679	669.0687002171464	22.43568547334812	
39633071372240917	84.60915803211051	12.85145955168985	3173.900226281378	220.8833242632132	2179.169306755859	228.4307761349538	12425.13445747898	820.1085334225963	10264.78112778768	547.9153095237234	2884.846269525435	129.0658415977986	
39633285327881650	38.57332791735574	6.754199819321792	749.068273539021	54.31857734479528	872.090687391197	67.14152235767129	4291.856893036166	118.2301844962736	2653.553106994646	63.69734603187666	832.5695813143875	14.71080985607235	
39633334875197012	46.99003559316899	5.301232011592694	357.9017759937751	17.77836195278776	508.3100975495462	23.62147192293611	2361.586210583489	61.77047750866869	1246.517626565769	25.65104327221855	454.2745968247491	8.496579507028505	
39633398406317987	58.18523311166899	5.052359284612193	144.8494739271524	15.09859619030477	210.0648350964079	17.65924447104004	2123.121883484382	73.63328543926016	1446.24866881409	31.80621044624462	465.2847706771579	6.874312480670488	
39633165681167674	44.07454404620984	4.653212773294412	891.4755558918063	68.79230673715985	749.8212944871726	76.10060083332743	4802.42149929228	428.6005915509181	3447.781216500802	245.5397329822996	1027.739431253013	67.63233645267798	
39633278004627864	56.71820119554796	8.802790991768882	2105.314452437674	119.3115845650175	2760.594632511692	180.5634995303387	8604.466558790298	542.8027518210877	7406.798978344762	291.950725930619	2281.194602449389	101.7883254088099	
39633285550180246	19.57870910319653	3.821034515810725	275.1807689998175	17.72393960590496	377.8195321324841	21.31194527966888	1632.784718938466	51.95677774674184	1037.586734568406	16.01746574502904	344.7272692695992	5.210136868238409	
39633318081200537	29.92991751699649	5.748371267829175	655.5590781719345	39.24837625565837	645.6347721761686	45.55702903588433	2987.18859769259	198.4572980362502	1945.356461288996	84.86418982338326	632.2573095943538	36.24651337564843	
39633324834029761	46.21619985017023	5.295012842390888	167.2190174412785	13.47929157467289	207.6570216649881	13.74082404559943	2259.829468069172	84.60514374397447	1023.075229061749	25.01551813577812	334.7753104351949	11.70000092553253	
39633361550969741	95.20153248613912	7.555108200123659	121.0401321866375	22.33144229632416	160.4093951088318	22.20327898634557	3936.310333588111	199.2390730822373	1545.755347718292	32.33896124422635	526.7794751929216	16.05217179722103	
39633374372955894	55.04454900280358	7.065034077390194	945.4901448831577	63.08385909535966	1173.13520132649	84.46726525622452	6013.314903354533	417.9374101337269	4055.992678064963	167.5598006062324	1225.190733727108	52.80053010345597	
39633380706353644	16.81924531642201	3.076718240764978	178.9940702579649	12.89689953834351	247.1556104600627	14.57497948775479	1407.040173541084	55.23826622718475	854.4441659828871	22.90935685046881	285.254839779913	10.84685761600167	
39633413275125782	26.08654644353208	3.141986909959191	228.6041416641656	15.27344466946748	328.9855599339057	18.01343974748843	1384.738484984973	43.57403681397245	966.7317612631653	26.70005899801303	325.2661818443916	7.934265235846837	
39633437795028501	35.50076715879742	4.545739877447776	153.1002282611222	12.99615108072706	175.9751306615889	14.66210763306559	2106.147162521407	99.04112679612102	898.8711817246159	28.84032118831387	294.1406466726419	14.30856424822272	
39633474319025216	16.65995266495872	2.631102081939089	326.500250211017	24.14810133233637	468.6889393038739	34.4490987699381	1784.413976837194	72.70465873484966	1017.575108055567	27.68339114019124	357.4038849960816	15.65627300130383	
39633478840485600	24.56473094591689	4.883294519376874	715.0956970694496	33.48053922590526	1012.25661432855	45.1422815975854	2362.911293154702	114.7985101855609	2077.543640834237	77.70380332085928	640.8588483990741	23.57954377489729	
39633493705099196	29.35223731783868	3.816909948087843	130.8640577640749	13.74979654268857	178.5864569925671	16.95606331950608	1281.157310710469	35.1265613425648	742.7540993544869	13.96808033563143	254.6190852679226	6.360014876070823	
39633495647063053	24.66422737360502	4.089557440327874	178.6760025556847	14.76686358889799	269.5340499426901	17.75276338071687	1495.144361758083	92.50566251196739	803.5106967668246	23.47610804630482	279.7361047212902	9.801791583192454	
39633507378530875	21.93072668863634	4.345489301073419	181.6957011000283	14.85758414777199	246.4958517040512	18.77551499154326	884.7214424638242	52.85047026495321	564.417964596639	18.94380293680125	200.8023942873444	8.690468767934517	
39633512847901995	55.62716594829504	4.62203832536589	164.922359399837	10.80948888262824	227.5330167156649	13.05080358360001	2541.659240610005	127.3937126742348	1130.04035172926	32.49614055619415	390.584138223581	12.02468381203369	
39633529344098421	22.75586724581409	4.034404993287335	160.7395933308257	12.22208002546318	222.7931830106658	14.69903087865219	801.1257260181733	25.07803877807949	613.5323684163756	15.94897036956777	228.2615864057768	6.652698774031784	
39633345130267196	139.6854425322105	6.335850928088332	965.6202679369812	60.45534279598289	1283.569961908202	74.12819375395507	7664.504415638738	417.2432689920174	4696.332931471911	128.5365239052946	1539.815940073495	48.45708835388182	
39633348485712210	72.04164212521995	7.5234383377141	177.2429916133519	23.39207771560934	226.311256575123	27.7887096102143	2874.263994629875	169.0985793879598	1629.225705525868	47.56911894561247	575.2115571287504	15.46546543983051	
39633413036049537	20.7040433711503	3.378344108229532	501.9990869122747	28.9783052018211	639.3255700397924	37.84970805752532	2224.214801584683	99.92745805658369	1522.157173959745	51.98759281425763	526.1929263430434	17.12764250151642	
39633423995766673	49.7828503834967	5.789550336258995	527.0381570346815	44.77520428298807	709.527960962068	51.8876519612999	3265.792912060092	134.6416151320149	1717.070370422353	36.21959133316147	636.2133181493986	13.15296851208576	
39633434791906552	38.51957309581024	4.177928807883944	577.6853217772608	32.93139258839624	716.4602643651434	42.91197746253511	4354.048304014956	254.3951256999161	2545.061456604586	95.34004221402787	803.5438852709959	29.67036285359683	
39633455213972811	51.61914864159078	5.965730899207973	233.9873513507748	20.39457175542608	307.594296587785	22.19565621448746	2674.111151879475	115.0679793638087	1280.378126130416	37.24927311285514	410.255055434232	13.44934070242374	
39633457680220475	71.48880274588736	6.240184765941928	239.9703546373246	25.26663048243033	327.9295764499007	31.886446732153	4273.415193550888	261.1822613323155	2204.404639919068	95.59994481450512	669.5705909388273	25.65465173021251	
39633469529132180	53.25019698923739	8.343581540400818	243.8037042256362	32.77642917920214	289.3180137886458	31.69223241955272	2921.292906242396	81.99876007802551	1326.394308359639	26.00645787443351	450.0721307771483	8.093203049914083	
39633469541713387	41.89938712842523	5.341671847362802	86.73416264657938	12.38181945457637	122.090351000327	13.57244963602867	1550.029428006055	64.53128314910386	715.187573889079	17.41022242489494	268.550007778688	7.168841183849961	
39633474058980075	37.15152288700543	7.366283738120146	1036.330103357582	60.68869094257008	1433.069747652432	77.49514498893042	3850.702539699877	142.0559279227091	2776.246752705383	76.41016004164311	1020.135302309709	20.79550207309292	
39633474067367253	39.79511774047771	4.462630225754952	297.5757564121933	26.08299514922692	396.8666668601393	31.12356187424931	2264.870962910188	108.9312159136298	1250.800994927336	29.43525697546686	435.6918427278604	15.62828386126948	
39633474184809809	63.810619749575	3.737103501227308	189.3960962709498	16.51411587818465	255.4046807619519	25.19210754380174	2337.465394888894	137.0670339340351	1408.006489767268	33.15348426775456	436.7048344774065	16.46257406365536	
39633484964170248	80.37736175529015	11.64779112481268	747.9213213094876	63.20752833051453	849.4158017732819	71.22247615994786	4588.752230885264	200.7436844298593	2619.92121738689	83.56744264691167	829.2650419372255	36.26385959822078	
39633487086486854	160.349851148981	8.955418948484246	326.9019123974826	44.71656192917757	451.9815230746902	51.44937638124626	7148.919548326736	316.6455057364734	3489.903991448527	88.72839486279706	1074.464688082824	32.29119912959423	
39633503226169415	111.2983423520706	7.037446928871865	328.514993992966	33.38245117093983	457.7307966435565	40.25043001969004	7761.591367535768	325.060059933726	3469.884364743567	91.88899992968398	1140.758833250457	39.51171636015253	
39633517834929667	40.17953332055276	6.186421813123366	333.7491138422815	30.47430918484752	463.5814727940798	35.46318773651682	1704.853030637146	50.4021393403447	1305.385885427456	34.37847196725862	448.1878468012964	8.6659212632626	
39633535115462861	27.27928159296228	3.515845089632283	418.8749182762904	25.90248832488565	466.1136904574649	32.51970661715367	2824.734509361452	180.0591374964444	1578.795055465198	51.77804467210345	493.4715457187347	18.82909235587668	
39627824742535246	87.76886426282515	6.743935297477295	390.3258486073051	39.28632685466744	528.8259995368087	50.49926028392527	4177.38706854642	175.9754223136624	2220.067046998642	70.52020781721288	749.2398523511329	22.39145625842035	
39627836843098164	24.09422547417818	3.593747114492836	133.279025236695	13.19293986174467	163.4600598036705	14.7147235041029	1386.548987266756	72.38940675996751	717.1977162401568	20.35536427303514	232.6072689659515	10.32584519527798	
39627909282926983	28.93403575663434	5.620849366843315	120.4829964521377	23.45077997869937	141.1854546574355	20.8299561639814	1096.896018347626	34.94736810545132	509.5531221986888	20.34789418294275	187.2876511635107	11.33683766694001	
39627915297557010	26.62924011049854	4.967953333199816	160.114247381595	13.99773364448845	219.7402447290564	17.0558173823968	1720.401811738132	77.67575165775271	822.9889153692978	24.37862570561062	300.0593220386579	9.030405884482269	
39628017177203238	27.00694194334345	4.982384570710103	126.8117208470985	12.99659557752691	156.2777928723917	13.52365917684691	1047.322834332305	35.66423792508298	718.9059925670251	18.03271544127086	236.9058074622182	5.938063915263561	
39628029143552309	27.82728717039964	4.919400097495876	268.1936135657003	17.23920238267339	325.4573365365178	20.95033320989253	2654.899912422191	116.2833557781677	1475.054012297574	35.1161083572872	472.9208803237286	23.94695034024509	
39628135410434955	57.82033594760883	4.668735772448167	222.6163456376492	24.39020464921852	250.1330267366037	26.84504382144366	2298.175778691606	91.18285687723487	1359.476061258671	44.76712060850738	503.6691948901686	19.83708876390451	
39628210844991706	13.6374219100879	2.135311307461113	372.9644354030443	17.81924562816722	522.1873764175854	23.84908122117593	1124.467071085225	40.93691030005826	1063.468304673199	30.6207372291834	330.7799760600245	12.55425235972192	
39628135624345931	21.57106388371211	4.131273792831507	340.910202684138	21.43235917331029	420.5076020593249	25.48849630719101	1623.83813757448	60.6101316285086	1038.380825460563	30.05056214857605	350.5732887527544	14.26092283411347	
39628153076848229	89.43942635414147	6.063368018257026	177.17739897271	22.60333075709078	225.035730764431	26.77150795827946	3055.949065946196	127.6676441885023	1765.148402377317	50.11715798078857	616.3119634203276	19.53430704974017	
39628153139759307	106.5474353208334	7.61751783265829	509.0098739975743	49.23733483948583	637.1832938327367	65.05207362011087	6646.52486731747	411.0134009606449	3120.225857898291	99.27893777615148	988.4840002040524	39.98304341713303	
39628170537731581	105.0598829805225	9.704071311516698	765.0300684027768	55.18618419909737	1071.889924680635	74.74916439892532	5953.712013289329	323.8637487521249	3330.899991594277	99.25750816332389	1115.38749789041	25.00996863733246	
39628193753203461	42.3071609059011	6.620030551764049	310.0650083000414	27.6479187626085	387.9190021426177	36.80147056979832	2544.56487098079	129.9066672364391	1476.847972647021	47.85464062946271	459.637619958057	19.51465175141716	
39628199411320266	63.12641005884989	5.328544327115273	196.9414125570776	19.75875247098593	245.9463873207001	21.79102234265519	3012.208455496437	148.4296917813526	1517.997976897078	43.6255548091997	498.163887938022	17.03379600806085	
39628239810856117	82.0252978593215	6.2162879552932	200.8950207077446	24.35255435232152	292.8092009039464	31.84167744477971	3711.143327826914	147.4457028349847	1893.102668092083	54.37954920942352	610.2891509481803	20.46842277606902	
39628251202585915	166.3612898257395	11.51051724079975	396.8252945109322	44.52312804775926	499.5925741178214	59.66989537565658	8682.6054536722	417.0248286683412	3625.158439855099	88.89871144035179	1164.254224272121	59.37464225862685	
39628262460099447	53.97291732346004	5.318672286755913	638.6739395128538	49.52866761240913	801.4738281528034	61.31646952670667	4356.230435104643	371.3549877303035	2636.806718885661	146.7917558523396	935.3424332484723	50.1723262916912	
39628273998627794	25.71358681577953	4.893679566968216	194.5816357312693	14.21984143257378	289.8404284940051	17.44788184728964	1411.168802509789	65.95129678919488	836.7205390625965	27.4257351753496	256.959952642057	13.09010866146659	
39628307741805318	111.4473699439398	5.444529410035904	508.5606829919667	54.18160775051309	661.6500204677704	68.4482122484316	6447.351005385573	580.6308272719263	3138.821055626262	156.6895650165033	1034.938363861097	54.50801505282001	
39628385156071964	42.12624365138846	5.41852049336519	476.0838060278472	21.77926703094637	568.8032222051253	28.19837489554364	3097.039082412219	117.5807021135949	1859.925665002322	41.13436408782895	569.122984444638	11.48524888834574	
39628046696714121	34.43515905421169	6.204800525652568	333.5930009601403	22.0534801531613	417.0320737437575	25.58012148949468	2734.358912462223	117.6377301058339	1335.991081368921	31.74860797701638	473.0687685144908	12.16212204893248	
39628233724922289	21.98408072829406	3.576310103709431	224.2800333518327	18.60616468091987	260.7574554515642	23.44111636928178	2030.286835586782	122.4436037165656	940.38108268237	35.37392077783956	326.0224759861719	16.48490385738879	
39628273717612584	92.04001636369162	7.474117333631884	388.1237565364282	25.62767857921692	514.6066950073375	30.47960606837495	3892.185381968153	259.3579114546211	2336.574262421699	82.0389396807164	804.0000223048451	33.56594530154479	
39628279094708754	45.12625094724489	5.234126688283599	179.1758142051853	16.5697639069146	198.9870266145196	17.86846754646509	2629.733288054863	146.951317295448	1186.823888639409	37.32902349323206	386.1053408633445	16.73508384421595	
39628329761901249	178.5537626236332	10.81819774309846	448.6264968951381	41.99449942163537	493.6308181705281	48.93302751799327	6936.90126097576	205.3186013483491	4415.293743119619	85.40171834686993	1385.022984817852	30.77088423488905	
39628313190205366	29.19579945335012	4.408548798340075	523.8775708132857	35.18878869550367	777.8987308907876	52.29407233609916	2631.830768940189	120.111996578171	1856.997346374004	53.34360797594061	640.6019831417888	16.20784960862433	
39628454970262560	15.15939116766939	2.21164348389971	215.2602089863398	19.8222198085154	288.7253316736748	25.52784580848783	1786.033195432759	90.69097693408025	923.0092143457676	25.63726828753668	306.570285473344	12.56370592424305	
39628476264746253	22.90211276934782	4.502971391320638	267.2817810286252	18.30241504683852	311.1706427151498	20.64563779819158	1641.249611161792	75.6851809034646	1230.45654215253	32.9262558501127	352.4469941671825	13.16873394984399	
39628491917888607	58.6033455942661	5.388225059959407	245.2220616600766	22.70631814934826	352.331109248814	31.31166720292575	4124.663139208918	312.774347307791	1889.715740534855	69.23929898718082	638.0053973326652	29.32773176791268	
39628497034937560	33.39914330353749	3.780816413934559	451.7034919569383	49.73043957487177	547.441741704558	65.58492463788508	3377.905905972188	215.2559935272207	2345.158407999354	101.6294051822839	693.7089216688888	38.61638433896564	
39628502290400489	39.17668084374237	6.207972293615716	380.1137549541961	22.63521108901079	529.1356976758127	27.70266562401677	2228.669543272238	75.07461484612493	1310.340077706129	30.6344379503725	454.1514006143707	11.40623738172473	
39628502340734837	56.5199596280409	8.557335746227576	1335.946860770306	99.12292125755307	1147.851442478369	110.1895093418584	6850.737766430952	419.8800269530126	4693.364226410159	174.5375866196154	1388.129348975409	60.72943088282565	
39628507344540203	75.55268833623151	6.844725583551765	404.6210994319284	31.27871440406702	415.4778242749728	38.33601820705501	4740.999251332292	258.6690429602227	2618.41160565775	79.4808655349386	785.600317400029	23.28083066235838	
39628512507725262	21.88559692087228	3.632518682833201	299.0885952703503	16.84127172644666	410.3514770771549	22.37681677551396	1809.388964049511	50.64281897688473	1117.680468502821	23.12769231936616	359.750664042353	7.42724465949335	
39632936227572157	30.67744293889902	2.830659920752831	320.1049539587057	38.55116610358439	467.2566844076849	51.64419491457592	2692.159132289019	103.3181745300552	1519.343387354501	29.56925237052365	479.5187170696233	17.59832401136677	
39632946293902009	20.69558404578893	3.6457869400204	284.9673808434268	14.26949276147843	361.2220740149206	17.94693064267724	1566.832235224084	51.73627185373575	1048.888688066734	26.75928273779644	328.7069785387715	11.23068798233691	
39632946444895974	149.4397673312251	8.205208424068745	295.3716554756925	40.71920324562728	383.8350627386828	48.20195330552502	7814.419199655876	488.2008307970435	3333.951124808348	96.17030041641993	1081.802968195487	47.17640923410772	
39632951343841429	36.18605071754319	3.492024236374056	671.574486691154	59.16326405668649	860.6652621189733	73.90052436091017	2732.629012169064	180.5743903975354	2088.849305850715	73.5702950065371	676.2292800369102	24.1804082899678	
39633001226699514	29.94515718032934	5.596870562879616	413.0431136623403	32.44205722944534	612.6317834911122	46.99664582132618	2263.074206536945	95.91841661086907	1601.423379548781	49.84140250014413	482.2124705043718	23.23992872562886	
39633010902961179	47.93317832002075	6.94878826445378	219.1394685159575	19.87202832628071	311.589927864253	27.45514904773371	2778.607242263082	154.5920704386976	1622.03293579322	43.97878181345767	501.9069064788939	25.83181038813927	
39628319146117307	131.3564943342525	8.854838548770438	1020.562779335521	72.48901012762724	1213.639144948247	89.1526057033714	8499.518577310737	518.5368716058024	4321.035957592352	150.2783810571023	1532.895606531696	49.39146803521714	
39628385424507840	22.54971045036101	3.139707504043955	209.9788344754581	13.46002938769225	337.4680124938494	20.58673727636899	1387.177044276867	64.71173856433194	841.06819945265	24.11732542193067	287.4778480451143	11.89835685058547	
39628423290684150	46.49938119562474	4.082491357773486	593.9578049673856	51.73768156518425	435.6592474473695	23.50158313338763	2530.23413060335	118.2087440613933	1440.665946179087	34.49587731133031	488.7091696059198	13.29992601466517	
39628423290686292	17.85567292482428	3.519239130886306	85.45070741790353	6.710704370194369	117.6950391568442	8.85117015995107	786.9721815620447	20.9872938797918	442.8051840513358	8.542823754003415	157.540925998635	4.761654254321061	
39628428592286486	40.61030407730919	3.500197975737901	225.0251661082697	16.69460001983315	265.7591568804564	19.23339668659035	2242.019952809769	114.5940306980758	1212.023030133977	36.23109339109753	384.7867218617611	12.79738832298209	
39628450088092697	28.3609424090079	4.093003681587525	286.1459083558293	26.3572226261282	388.6907291342176	32.46844952738125	1738.68080274999	84.56270464271621	1218.591881607463	36.29148385421272	383.1733296077665	14.99990835166281	
39628460573855665	21.42210738027107	3.497449864883995	271.7173870596433	24.02056201489516	306.6429372782181	25.19811911919873	2577.705192309591	186.3313112444382	1591.361460549845	63.49232359104884	488.5461196625195	24.02693646244693	
39628502546255378	13.59687768929058	2.546778828696458	219.2002560918265	14.81392655030408	289.384645148964	15.93938648660255	1251.020998782561	39.5412953236977	721.9749390146189	14.45611632463669	251.5593269464156	3.982213933285044	
39628502550448187	38.08984813831015	3.274094944086062	445.0710917923615	23.06901476376196	537.6161405161748	29.03059653846578	3371.384225516344	188.2627259859497	1871.0497924199	56.19803091622448	587.3373885289151	18.66464544091748	
39628507843658775	32.91418011178835	4.475080299432442	436.0964805623667	22.28425192726739	539.8240541359932	28.62259129489589	2493.689289922621	205.6437562752976	1455.655046815266	63.2203036710124	503.4813783154892	22.48086612981681	
39628528236365202	27.10981287068004	3.799412781049447	210.8163613519549	15.48977043621528	269.2792883583427	17.70068853396047	1821.928532527929	76.67313133473597	1076.498629391561	27.63790989921818	329.8212910263106	12.54016106829606	
39628528366387879	44.28069613142103	4.834117832243185	468.7821451508771	40.93733661114828	662.1828402552811	55.27268983583656	2562.823609658342	180.7808519355088	1765.152817932259	75.54154139329724	574.81298332563	27.03281253034796	
39632936504395284	33.5095782916739	5.930421100367681	395.5459802438988	25.04158869573259	510.3630810954423	32.22657762934468	2219.600998287077	121.8638033516813	1402.607030665392	52.11191739870303	431.3914609765764	15.78804416191239	
39632936521171042	36.33236387696497	4.897583531001358	303.4727060070829	21.63353252945303	376.070447021175	25.80119465319714	2452.4620903397	110.6917420956715	1299.921358124572	32.9831237563297	450.9742126854998	15.18449484350658	
39632986773131671	27.3237533697004	4.253911570919175	406.1862139800992	43.02283961110961	562.8118058159475	57.43109392413859	1899.126334033029	107.2345497056888	1254.140698444765	48.76883809469533	416.5821944674388	17.3945569361953	
39633006356333364	36.35547790501817	5.695849337095674	289.6766507381378	19.17326678536963	342.2944694958678	22.33480469630218	2170.787284785688	94.61671782162688	1285.341305238729	31.58860146786756	403.230771454209	10.64032199134456	
39628523324835194	33.76816064278832	4.747824007178466	190.9838425179769	21.4327039664142	236.8174385183276	20.32285711748345	2542.579662906978	107.4238327096507	1169.26538809674	26.23800290342505	416.0592058095171	8.93898216171714	
39632976954265238	24.35307666407187	3.958714341405434	174.7222455813973	15.7607173049495	238.1323364941417	21.13824711108383	1764.343236996238	78.48861869515409	949.4197175139299	17.58207420769006	307.5993449584219	11.7730772738608	
39632981865795526	24.36557931350513	3.400495078875791	81.1434671266301	11.78014117165265	136.1884541633976	17.10635277488827	1392.451618228804	98.1747701788895	682.5189889731455	26.11510869869039	220.6055668320523	9.97821496388111	
39633016221338119	42.55611297037389	5.413374587238729	371.528006578096	40.12568635827937	505.7595927772712	57.92078202759151	3752.524167101084	222.5163285752583	1926.551411173862	62.76711609647393	619.9920640082855	28.06769489271332	
39633035611605756	23.62875478246049	3.871226917007725	111.0109136987624	15.57710176181866	114.1540446597901	15.9190403424089	1212.248673445278	37.74499231409072	650.6667514704966	18.53170693498267	203.1378235725917	9.889798573295854	
39633105471935737	26.69652410821331	3.761396455893575	153.4099493554985	10.97823873435914	206.9304483292178	11.82543916693677	1186.928045633593	56.21143458969425	636.5558821406315	17.1966903192625	219.4727880659586	8.788824161314706	
39633123314503312	35.04695353991661	6.811272688791272	662.1406728136072	75.56755496846482	1157.881072140372	106.5892167395128	3817.648291087537	269.927875672146	2888.1352855011	121.0122906245535	909.0010479937421	57.04112946812068	
39633141068989797	29.63989009252393	4.289290843794888	383.2833353836243	41.81076005254075	570.567957224234	61.52427252839423	2383.280109045339	177.3023210035024	1501.309805078867	64.13136180814303	480.3772859018769	28.7220582513781	
39633200846212334	52.35921212278682	6.180281086415699	794.6398952641446	62.41052517775496	857.5433524714332	73.3443969044413	5393.149050799962	338.643109536897	3749.858539780501	152.8097263289268	1146.041033729043	51.75016562768514	
39633233184294015	42.8021500821143	8.004094371817978	350.2976501069666	34.96287338441059	452.236148735522	44.87261637403113	4547.756089963435	354.8740772504276	2396.182447529013	114.0130918315351	792.9870713052602	38.56323308801101	
39633252910106363	74.2839852699908	8.468533984225415	823.3641279866035	64.0143774439585	776.9697388129616	72.23717500554228	5140.115437338449	346.0301922027274	2867.332225506756	122.5389730021132	1001.522021406563	49.37999823209778	
39632951574529075	32.3228084945789	5.200274379773445	897.9483863042258	57.50068307106027	1123.180942952302	74.92380309090193	3986.913784688064	214.0991978159826	3083.335793618418	119.8787852592191	933.120812268699	43.22682865504216	
39632956632862597	26.01304674397945	4.202936074215637	283.1430983180971	21.63044763074281	372.4841990411647	28.39559574566825	1490.596353736559	70.8194939102916	946.7297155147795	40.41913750816247	325.1955976557084	9.712313577385176	
39632991529468259	17.47424674545911	3.06763543181346	165.8309372513681	15.97311407990928	224.7533877905234	16.81694897842392	1070.92551313936	47.98215645489337	633.7557952252045	18.68824760758179	212.3195082695652	7.576439312579644	
39633011028790596	20.21700358325568	3.903445450165328	448.6189848271905	35.44386883296666	490.1279021991278	33.79967562539731	2525.057635790566	124.3723379185054	1508.63883603117	42.8452077604979	504.9409229398212	21.97320717574371	
39633058877409723	23.13190390152349	3.142789224498493	198.368194312277	17.29888871482904	250.907354429037	22.64662250183991	1534.946749544489	72.61613896021426	805.4339869165153	21.11132059714135	260.7547627059606	11.08972903202137	
39633077563035320	48.61225042045565	4.089650598609139	689.4220548985414	53.40827349737773	876.205079719558	71.04342644606739	4353.865923317099	423.1260792458222	2846.456449659964	185.7262276660964	870.5208887526043	54.52372468573479	
39633091458763009	129.4539375940782	4.635635650730352	372.0984783624107	41.18579946779386	469.5538431109416	51.31183765847576	5131.036473200005	332.1814730251476	2749.389205494303	109.7802058078398	971.7081514716331	41.40569785390868	
39633123100590390	25.81291572812383	4.285320015266635	196.1746108476144	21.78843675449032	268.9151794749196	23.55981534068234	1329.967259110874	37.51252630003493	786.8694052786641	19.73344685640011	259.6621993211415	6.581395376327458	
39633212770618270	26.86004023148641	4.498987497291234	280.1549254986598	16.35098806137691	334.8117851275021	17.35623571990148	1980.55264433279	84.9797758685547	1087.203739073343	30.26342820816373	375.0756073773974	8.686420144475159	
39633216918784348	115.833508683012	6.701703100513661	256.7197815955617	26.32794680487238	357.9149968428379	35.35298261961661	4862.77575658614	194.7763653158657	2446.250553494029	54.89749264685678	853.9545827848382	28.10122293188105	
39628318395338288	49.65284805177258	5.278721842251022	764.4410022738496	42.89380778464683	911.0148499563039	52.19669483477147	4198.34545627126	245.7536404773332	2466.205716366047	93.03558359965011	824.3008944613113	35.62618808803673	
39628318395338810	255.9010186117314	7.664157587995598	672.4297832764258	82.28464309134966	819.0665063444076	106.944522098927	12168.64834980513	823.9709961280872	5128.428414031509	177.7389552429425	1855.009212970017	76.17757163858832	
39628329560574098	21.28988523197626	3.315685792863801	268.1751714487808	17.57737540211113	408.4457545923854	25.52213704194687	2011.647710697316	96.25408082492697	1169.240231129564	28.41466763696283	397.0495003599193	13.6135741918557	
39628406530244670	76.5514231190243	6.596071056310582	950.7249757986447	66.56602784957882	1162.442069627977	90.12641246899548	6265.969007262381	428.0604224973389	3828.433942061957	138.1263699680702	1172.894767696307	56.22318653722721	
39628454710216082	147.102829022526	5.064335263999655	370.1864745761008	54.79764382574081	461.12961893754	70.44679659906363	6491.707214863486	388.795334759011	3142.309720576848	109.9325017113179	1056.966669813068	46.4544803165607	
39628501954859405	26.81305246954778	4.728106769263258	215.4753163463951	19.4016851251815	291.2572747373223	22.05699526768305	1109.431720474399	50.7027578845751	818.1205731620804	31.01539635210037	275.6564795551636	11.30204407679194	
39628507151597781	34.27776042493408	5.349637483024061	339.2520598031456	29.50558237207126	420.8107395626473	40.2672912983816	3112.690499947477	160.1596554601586	1695.400837510638	51.96316046870385	526.2673758871465	28.90273974476755	
39632951125738735	25.18822940032116	4.950056420183706	248.0975028351424	25.05689742204769	312.2530165474557	30.62860096020338	1866.664058103728	88.09383181828215	1025.053901721814	34.78929017806146	355.9664629455664	14.38732867078116	
39632986022348146	60.14987753557271	6.794640111593103	270.977308035074	33.32688610727589	348.4681586123883	46.35881134063158	2456.729389510883	115.2187451347842	1812.265971590952	36.77071283775245	598.6351844545821	25.43655800167932	
39628496879747757	32.68871317024263	3.315242551218395	477.1689788934272	27.66418857598073	654.3386273476735	34.30526750489484	2957.299066190599	139.0787665568475	1975.505697266822	52.42698235486609	601.057265864189	18.96729398255637	
39632991244258619	29.72486590800844	4.739381303115098	464.9508660558042	33.82441476899177	601.2456429530032	45.30345820473536	3274.478834604875	179.7396892260496	2054.448987443204	62.39709931338326	617.4593277729748	23.81536412219917	
39633001071509599	78.1484581896774	8.856946955494648	742.4601975307568	77.0305519258685	864.2705571537305	94.23255675370808	5384.457042171585	394.5226238218742	3254.466753941547	140.1848028710622	1103.054220138259	48.43502166301413	
39633010810684865	41.44217862168524	5.177161130274045	159.6709163649134	23.09047546348954	216.9011320253221	28.00788417193249	1917.079186088264	96.69321687315863	1048.538833196964	29.14772161232771	358.1896718233006	17.43673274947045	
39633044541277379	14.43132161975421	2.52526808907247	169.2112114333026	10.57484510073415	216.1460968768133	10.82063919907419	810.5188457088059	18.46802253839119	591.7064941410506	11.99313103751865	190.6001440831732	4.923060619827453	
39633044541278158	36.30210774965379	4.370062731794568	839.4920512103872	63.4527259834289	1052.13069273424	91.67649343086377	3235.304311827635	163.4204424762434	2665.008611308545	93.4069124648132	788.6842814055916	31.04265539576197	
39633049238900138	59.09347227521941	6.980457127138449	151.9628236830708	16.21264378413228	211.7876948907404	18.61160873585042	3004.991563205608	152.4315018383096	1633.878959108048	51.12764170394127	544.3597635255614	20.18241689334698	
39633049276648206	49.52603381936366	4.735429569500394	251.8518361601924	20.22845628125802	312.5665785424404	23.46028337064521	2221.976502209585	112.4207541329285	1163.199958298439	161.7241323611244	437.1362228625173	10.28249776091063	
39633063302398912	77.38152583586992	5.583235321548975	844.92723350487	65.16375076032561	994.8605162198197	70.86660942952166	4802.973004360267	331.7949999427745	2828.643669292253	93.8602400753605	1036.854229752856	34.06868581957946	
39633077403648265	22.40889264180781	2.750937771565986	273.5044039235372	15.787836638525	356.7275587649332	21.00138917294838	1586.566400620601	82.8176617227685	974.1103245444762	35.09210715843828	336.2859418413877	11.97694502399564	
39633082013189172	26.44332767456625	3.494340309959226	239.7988697101429	15.17362780539612	319.4927416647085	19.1312916367072	1865.116610524665	100.4546493891059	1035.034435443675	33.10929384573831	337.0071451490325	10.11281597611938	
39633095854393240	23.7728705373712	4.031445713538973	180.8992942754165	12.9029796004805	225.7254545485698	15.17242380935254	1664.652499236965	71.76826448763171	807.9103817193944	28.20695960450316	291.6808951111996	8.997795993953673	
39633127299092105	44.32973656238335	6.721027830302354	68.15498154050688	13.04520579271793	44.05439385926901	10.96487155369527	2466.797182410962	87.44397369387377	997.8250352985012	19.70336339373161	328.1624605692248	10.1587094449672	
39633140603422975	45.09257540953762	8.605654210141362	416.9817725150187	24.07960740890104	522.789566879371	28.522477849347	3225.777573213613	127.8069786231553	1889.134515164143	30.99386911054266	572.4413238276114	11.74950484978407	
39633157930091880	33.97405989168859	3.231475055828231	238.3931873258717	29.8665436693231	312.9666830289201	37.07700298226732	2266.626242807039	161.9744384270134	1126.129599176733	43.67562894646245	373.6134475121515	15.98004701783437	
39633187814508302	55.61179295431977	5.621259880929783	490.1973594924439	41.13676224521855	536.1740480465522	50.9230993070021	3739.052490360856	206.4731427583112	2034.088369373701	63.53699960624766	667.0917747528894	26.68458080142536	
39633244525694585	31.77819618471634	3.473364579274375	266.1834964312413	27.49437061926257	217.3601189251003	26.25278367891474	2436.511974930124	77.68306395439544	1195.368394598655	29.09326082796833	392.1656377485722	16.69136097003581	
39632995849603106	24.8098091368043	4.659021501924067	76.72604915863262	14.15647151937215	89.02166644979728	15.98570919873787	628.9577292818587	19.95027671924418	353.5887979181364	10.92132772509397	136.231227441532	5.625914680695604	
39633034554639391	77.99126917203665	6.733725014910346	224.123706585236	26.99804714521342	230.6329062605017	27.77080469515188	2739.064384724484	92.74156054533249	2007.185325857785	55.37893088163153	640.2898145766254	21.25223210394984	
39633077139408923	44.26002345521576	5.980574949635162	709.6407856898835	37.22940113792967	876.0062570088242	48.34795821821574	3543.259466263097	172.6530372131388	2324.648503125652	67.62839662146861	700.9056132727537	24.02536297227826	
39633100107416051	27.79591372210787	4.339953582605947	191.9055834667638	14.01766582714844	261.0327408087006	18.04302616474967	2273.603928111786	116.9313829939024	1119.258436064031	29.8435080829016	375.0648477208988	11.78121198695566	
39633228356652521	58.60980169177422	6.713643091155948	350.6179382638942	24.11423665199605	457.0438337198368	32.7623501263222	2952.197686251937	130.1992673688526	1497.010622603538	50.73361326277328	496.2127717778006	15.96037390665019	
39633228369235232	37.0204360238595	3.361247299925825	308.7439996714837	15.52854020779091	407.8304855097214	18.57187290529988	3279.095211210392	170.8576543601049	1896.581207770631	70.62269370174316	542.1777638993648	16.57719820312402	
39633244194342236	36.31398371607028	4.719556454754624	322.2652498614843	14.93374824299754	424.9640481573637	17.68635899758147	2398.200337126204	136.0162190137694	1233.388806278404	55.7843357733775	442.729616886295	15.90132018640486	
39633204235209476	60.52532840137846	6.229553900792133	1050.726610140667	53.64217390265964	1243.8266824185	70.6104186928671	5039.708764552725	257.5182756223065	3322.566369595326	90.71556490853828	1035.363727638168	33.79542550014519	
39633232458678808	103.5565303593775	6.684199950493539	274.3514508974574	28.82494380374065	399.5204119430019	36.75602763355761	4117.797427732527	160.1107675326471	2539.669352324159	74.59423882510588	823.6943794532723	25.27304122711553	
39633255930006709	36.69934306073419	6.478050601515187	162.2312429537154	13.02077089017992	191.4642102489735	14.45037827299851	1386.585894252286	50.37266059958896	888.2722971617072	19.35038187601644	298.2462296716188	10.05916579063116	
39633255963558177	49.81014797363585	5.066543115550208	727.8364045878398	50.1359835719056	1060.594207311695	70.3008790976342	4901.945721733672	479.2422966873847	2995.508313897456	209.3411264354774	1023.654990286963	60.14054662912883	
39633278822515968	75.17438023941563	6.571516362119754	147.516954710737	19.05136068058246	210.1853760412993	22.55777729993153	2890.193015822549	158.4578284647064	1866.282952440171	70.45566070651331	526.3361351720599	25.61204566518885	
39633300687424394	15.94531974405054	3.172426243378982	220.9438032267708	6.513533918212012	280.7519062890796	7.992486920289503	1576.645139766151	62.88545953100011	906.56047696893	19.35395208860025	299.1414142907279	10.00288698346947	
39633322145483246	40.07407100077691	5.842583625603417	423.7853474007333	27.69555046883833	608.7701353846475	33.46311246201812	2331.479409082715	107.215698591209	1360.178225133956	37.83539628855563	495.9930581863434	16.26415130824057	
39633328810232799	62.51926253506677	6.733529203291334	564.5145781773181	41.31885289052122	865.6276992344013	54.96728632322301	3278.918691057379	158.2037570018723	2412.959512114334	72.22933989231151	819.018487514392	18.11803170652756	
39633345843298932	20.9929884794138	4.052793191784404	184.2589964472137	14.27453615806899	250.1515850412063	16.12036222196235	1603.927775736982	54.99232248092946	926.5032689819699	21.51948844406399	298.8974798963873	6.77533082031734	
39633365371980268	45.97884099771601	5.670905659072702	277.5509356015007	21.22064796741527	328.5942286560035	30.70336180697215	3625.310591248212	196.0793908922626	1914.729455674436	43.95329404031835	582.1502027073202	22.67716561167988	
39633371717962782	52.77819006131287	4.928487205795738	761.5661987797558	37.55603298355664	889.5877639306187	46.51472239284144	4363.983606499266	217.1591567398232	2623.462240653949	101.0113930862593	826.8073403436005	24.89153471245915	
39633374788190642	35.50484066897283	4.70034515647105	157.5322595126681	19.88283810747669	171.7482906822501	17.81806223155811	1851.147852421952	63.38701138103873	961.2376610536882	18.578192605734	338.9883742581114	9.477887365781118	
39633381050286742	23.72528286590092	4.509614442915764	339.7336849540241	26.56131136750612	457.7642269371892	37.39249047304752	1948.358947250101	84.0577071794273	1496.941751779726	48.7283942398273	511.7365244025149	20.24492427878451	
39633192101087308	28.48170296768971	5.681661391187254	360.7106558269717	20.55273753203255	435.0689651403704	25.05199890898586	2824.616887039724	152.1877473040334	1499.557405117589	43.11100276893153	506.4355156637197	14.24108968544162	
39633278973513279	84.52060690039671	4.91406262305107	1009.281292661878	118.9469169958891	1219.941363176792	129.4766863447806	6038.193745446561	444.9293809034728	3492.535787758879	155.518613500196	1188.451101100244	50.11931590768412	
39633531244118711	194.0472157940168	7.264070788561349	488.3340355964017	56.91882381098689	619.540009448716	61.85499952032325	8431.353846909604	464.894160308734	4212.673777316051	157.0456571455544	1391.772595929286	43.28761626712029	
39633537057424284	40.55275054037729	4.481059882500646	635.5613005493576	53.80374985194863	791.5068085724266	75.07277832526216	4409.409125378315	357.5016328416513	2792.111420309038	111.7869502568734	916.7191798159848	44.92281679144821	
39633539779528230	36.8746778838616	6.387188640610121	188.0306828464946	48.10219952861406	868.4314954800061	88.79459617768701	2808.725070712913	257.2665840593865	1520.992644057393	104.417683046293	581.4770417550909	48.3546317377004	
39633458200315064	37.89126091430273	5.81647305843143	549.3042528414011	52.931238228273	606.3837060510793	61.62227352089605	2785.601208828435	100.7201503608711	1772.709930240465	52.52181535023981	588.07030680645	14.49633080630391	
39633467666858683	26.39775621645739	5.229181475574921	163.0369483265017	16.18153332718773	216.2792341727132	18.49127068165987	1374.881628857485	51.58721091289613	810.641305022935	16.64238316027284	283.5005017788801	16.31420801391683	
39633538147945364	26.08287833672228	4.088501291128062	311.4495453707934	19.00253591764646	440.2507277363312	24.06926405400982	2078.451153889562	114.5023700422085	1282.548270959113	47.31717165351061	426.4811866624137	14.54049028273373	
39627820229463249	232.8801810627031	7.617078041550082	902.7924974048464	70.30804759097737	1112.265118055019	81.85969289161824	12520.65231411148	919.0465891799031	5457.575731712182	181.5638279811702	1954.266878305877	55.21241562863405	
39627850403289822	40.80770154465228	7.879412014093877	133.2643808756319	12.21111969385344	177.3947487766144	15.21765486813471	1803.472045361978	38.96910353267668	785.4526359676266	18.10200745125858	326.6024056019871	6.452549650413776	
39627994867699225	359.3973764694339	11.07423890966205	690.8990306582074	109.5119648421665	896.4292239136963	138.5346241791324	17318.30491091243	1139.40500629338	7514.941163127111	283.8165636308341	2488.103582145992	104.5942170430552	
